Diseases,Meaningful_Symptoms,Has_Disease
Signs and symptoms,,Yes
Respiratory disease,,Yes
Disease,",",Yes
Streptococcus pneumoniae (redirect from Pneumococcal disease),,Yes
ALS (redirect from Motor symptoms),,Yes
Waterborne diseases,,Yes
Symptoms of COVID-19,,Yes
Motor neuron diseases,,Yes
Lyme disease,",",Yes
Signs and symptoms of Parkinson's disease,,Yes
Sexually transmitted infection (redirect from Sexually transmitted diseases and infections),,Yes
"Hand, foot, and mouth disease",,Yes
Alzheimer's disease,",",Yes
Variant Creutzfeldt–Jakob disease,,Yes
Neurological disorder (redirect from Neurological symptoms),,Yes
Kawasaki disease,,Yes
Huntington's disease,.,Yes
Four Big Pollution Diseases of Japan,,Yes
Addison's disease,,Yes
Sarcoidosis (redirect from Besnier-Boeck-Schaumann disease),,Yes
Gastrointestinal disease,,Yes
Chronic Lyme disease,,Yes
Central nervous system disease,,Yes
Kuru (disease),,Yes
Asymptomatic (redirect from Subclinical symptoms),.,Yes
Crohn's disease,",",Yes
Cancer signs and symptoms,",",Yes
Cerebrovascular disease,,Yes
Rabies (redirect from Symptoms of rabies),,Yes
Stomach disease,.,Yes
COVID-19 (redirect from 2019-nCoV Acute Respiratory Disease),,Yes
Roseola (redirect from Sixth disease),,Yes
Infectious mononucleosis (redirect from Pfeiffer's disease),",",Yes
Dementia with Lewy bodies (redirect from Diffuse Lewy body disease),,Yes
Wilson's disease,,Yes
Castleman disease,,Yes
Giardiasis (redirect from Hiker's Disease),,Yes
Ménière's disease,,Yes
Demyelinating disease,),Yes
Scabies (category Tropical diseases),,Yes
Lupus (redirect from Lupus and the brain),,Yes
Nail disease,,Yes
Signs and symptoms of Graves' disease,,Yes
Chagas disease,,Yes
Dengue fever (redirect from Dengue symptoms and prevention),,Yes
Influenza (redirect from Symptoms of influenza),,Yes
Cellulitis (category Equine injury and lameness),,Yes
Fatal insomnia (category Rare diseases),,Yes
Graves' disease,,Yes
Restless legs syndrome (redirect from Ekbom Disease),.,Yes
Creutzfeldt–Jakob disease,,Yes
Dysautonomia (redirect from Dysautonomia (does not have to be familial) (Autonomic Nervous System Diseases)),,Yes
Genital herpes (category Sexually transmitted diseases and infections),,Yes
Dementia (redirect from Behavioral and psychological symptoms of dementia),,Yes
Common cold (redirect from Cold (disease)),,Yes
Extrapyramidal symptoms,,Yes
Neglected tropical diseases,,Yes
Signs and symptoms of HIV/AIDS,(,Yes
Multiple sclerosis (category Epstein–Barr virus–associated diseases),,Yes
Prodrome (redirect from Prodromal symptoms),.,Yes
Coeliac disease,,Yes
Neuroborreliosis (redirect from Neurologic lyme disease),,Yes
Gastroesophageal reflux disease,",",Yes
Hashimoto's thyroiditis (redirect from Hashimoto's disease),.,Yes
Fungal infection (redirect from Fungal disease),,Yes
Neurosyphilis (category Sexually transmitted diseases and infections),,Yes
Pulmonary fibrosis (redirect from Fibrotic lung disease),",",Yes
Ulcerative colitis (category Autoimmune diseases),,Yes
Irritable bowel syndrome (redirect from Irritable Bowel Disease),,Yes
Chronic fatigue syndrome (redirect from Children and ME),.,Yes
Urbach–Wiethe disease,,Yes
Buteyko method,,Yes
Polio (redirect from Heine-Medin disease),",",Yes
Infection (redirect from Infectious diseases),(,Yes
Wernicke encephalopathy (redirect from Wernicke's Disease),,Yes
Asthma (redirect from Signs and symptoms of asthma),,Yes
Tick-borne disease,,Yes
Indigestion (category Digestive disease symptoms),",",Yes
Frontotemporal dementia (redirect from Pick's disease),:,Yes
Non-celiac gluten sensitivity (section Signs and symptoms),,Yes
Spinal stenosis (redirect from Spinal Stenosis information and treatments),.,Yes
Bayesian network (section Inference and learning),",",Yes
Cat-scratch disease,,Yes
List of diseases spread by invertebrates,.,Yes
Somatic symptom disorder,,Yes
Legionnaires' disease,,Yes
Gerstmann–Sträussler–Scheinker syndrome (redirect from Gertsmann-Sträussler-Scheinker Disease),,Yes
Chronic obstructive pulmonary disease,",",Yes
Peripheral neuropathy (redirect from Peripheral nervous system diseases),,Yes
Minamata disease,,Yes
Adenovirus infection (section Signs and symptoms),,Yes
"Female hysteria (section Middle Ages, Renaissance, and the early modern period)",,Yes
Strongyloidiasis (category Tropical diseases),.,Yes
Inflammatory bowel disease,,Yes
Peptic ulcer disease,,Yes
Menopause (redirect from Menopausal symptoms),:,Yes
Coronary artery disease,,Yes
Psychogenic disease,,Yes
Functional neurologic disorder (redirect from Functional Neurological Symptom Disorder),",",Yes
Mitochondrial disease,,Yes
Diseases Database,,Yes
Leptospirosis (redirect from Weil's disease),,Yes
Trichomoniasis (category Protozoal diseases),",",Yes
Foodborne illness (redirect from Food-borne diseases),atic,Yes
Hypoglycemia (section Signs and symptoms),,Yes
Charcot–Marie–Tooth disease,,Yes
Pilonidal disease,,Yes
Symptomatic treatment,,Yes
Kidney failure (redirect from End stage renal disease),,Yes
Botulism (redirect from Qapqal disease),,Yes
List of dog diseases,) .,Yes
Porphyria (redirect from The Vampire Disease),,Yes
Spondylosis (section Signs and symptoms),,Yes
Polycystic ovary syndrome (redirect from Polycystic ovarian disease),,Yes
Prostate (redirect from Prostate symptoms),.,Yes
Incubation period (redirect from Infectious disease incubation period),,Yes
Glycogen storage disease,;,Yes
West Nile fever (redirect from West Nile disease),,Yes
Schizophrenia (redirect from Schizophrenia: Symptoms),",",Yes
Fusarium wilt (category Fungal plant pathogens and diseases),.,Yes
Cirrhosis (redirect from End-stage liver disease),,Yes
Long COVID (section Signs and symptoms),,Yes
Lafora disease,,Yes
Malignancy (redirect from Malignant disease),,Yes
Mixed connective tissue disease,,Yes
Hypochondriasis (category Somatic symptom disorders),,Yes
Chronic inflammatory demyelinating polyneuropathy (redirect from Combined central and peripheral demyelination),,Yes
Dehydration (redirect from Symptoms of dehydration),,Yes
Breast disease,,Yes
Leaf spot (redirect from Leaf spot disease),,Yes
B symptoms,,Yes
Gastritis (section Signs and symptoms),,Yes
Whipple's disease,,Yes
Osgood–Schlatter disease,",",Yes
Elephantiasis (category Symptoms and signs: Skin and subcutaneous tissue),,Yes
Interstitial lung disease,,Yes
Polymyalgia rheumatica (section Signs and symptoms),,Yes
Medical diagnosis (section Society and culture),,Yes
Hemorrhoid (redirect from Hemorrhoid disease),,Yes
Blastomycosis (redirect from Gilchrist's disease),,Yes
Thyroid disease,,Yes
Bovine spongiform encephalopathy (redirect from Mad cow disease),",",Yes
Fish disease and parasites,",",Yes
Hypertension (redirect from Signs and symptoms of hypertension),,Yes
Cold agglutinin disease,,Yes
Remission (medicine) (category Disease stubs),". ,",Yes
Stomach rumble (category Symptoms and signs: Digestive system and abdomen),,Yes
Conversion disorder (category Somatic symptom disorders),,Yes
Ankylosing spondylitis (redirect from Marie-Strümpell disease),,Yes
Chronic traumatic encephalopathy (redirect from Signs and symptoms of chronic traumatic encephalopathy),,Yes
Stiff-person syndrome (redirect from Progressive encephalomyelitis with rigidity and myoclonus),,Yes
Whooping cough (category Bacterial diseases),,Yes
List of medical symptoms,.,Yes
Psychoorganic syndrome (section Symptoms),,Yes
Tuberous sclerosis (redirect from Bourneville-Pringle disease),,Yes
Behçet's disease,.,Yes
Tuberculosis (redirect from Consumption (disease)),,Yes
Parkinsonism (redirect from Parkinson's disease mimics),,Yes
Pelvic inflammatory disease,",",Yes
Fibromyalgia (section Signs and symptoms),,Yes
Bronchitis (category Chronic lower respiratory diseases),,Yes
Scombroid food poisoning (category Fish diseases),",",Yes
Sweating sickness (category Disease outbreaks in England),,Yes
Sjögren syndrome (redirect from Sjogren's disease),,Yes
List of eponymous diseases,,Yes
Syndrome (redirect from Withrawal symptoms),,Yes
Sinusitis (section Signs and symptoms),,Yes
Metabolic disorder (redirect from Metabolic diseases),,Yes
Polyneuropathy in dogs and cats,,Yes
Common variable immunodeficiency (category Genetic diseases and disorders),:,Yes
Cardiomyopathy (section Signs and symptoms),,Yes
Peripheral artery disease,,Yes
Oak wilt (category Fungal tree pathogens and diseases),.,Yes
Hyperthyroidism (category Cat diseases),,Yes
"Cerebellar ataxia, neuropathy, vestibular areflexia syndrome (section Signs and symptoms)",.,Yes
Schistosomiasis (redirect from Schistosomiasis (skin symptoms)),ificant,Yes
Chronic liver disease,,Yes
Parkinson's disease dementia,,Yes
Hunter syndrome (redirect from Hunter's disease),,Yes
Atherosclerosis (redirect from Homogenized Milk and Atherosclerosis),",",Yes
Fifth disease,,Yes
Giant cell arteritis (redirect from Horton's disease),",",Yes
Nicotine withdrawal (section Signs and symptoms),.,Yes
Mosquito-borne disease,,Yes
Sugarcane grassy shoot disease,,Yes
Somatization disorder (category Somatic symptom disorders),,Yes
Ebola (redirect from Ebola virus disease),,Yes
Syphilis (redirect from Syphilis disease),,Yes
Lifestyle disease,,Yes
Lupus erythematosus (redirect from Cazenave's disease),.,Yes
Depression (mood) (redirect from Symptoms of depression),,Yes
Urinary tract infection (redirect from Honeymoon disease),,Yes
Pneumonia (category Coronavirus-associated diseases),,Yes
Bronchiectasis (category Chronic lower respiratory diseases),,Yes
Streptococcal pharyngitis (section Signs and symptoms),,Yes
Medical students' disease,,Yes
Chronic kidney disease,.,Yes
HIV/AIDS (redirect from Aids Symptoms),,Yes
Hirschsprung's disease,,Yes
Hypothyroidism (category Endocrine diseases),ificant,Yes
Reactive arthritis (redirect from Reiter's disease),,Yes
Cardiovascular disease in women,.,Yes
Lymphatic disease,",",Yes
Diarrhea (redirect from Diarrheal diseases),,Yes
Encephalitis lethargica (redirect from Economo's disease),,Yes
Sanfilippo syndrome (redirect from San filippo disease),,Yes
Typhus (redirect from Typhus (disease)),,Yes
Chlamydia (category Sexually transmitted diseases and infections),,Yes
Nipah virus infection (category Chiroptera-borne diseases),,Yes
Congenital syphilis (section Signs and symptoms),.,Yes
Genetic disorder (redirect from Hereditary diseases),,Yes
Rheumatoid arthritis (category Connective tissue diseases),,Yes
Raynaud syndrome (redirect from Raynaud's disease and Raynaud's phenomenon),,Yes
Scurvy (redirect from Wort and rob),.,Yes
Lewy body dementias (redirect from Sociological and cultural aspects of Lewy body dementia),,Yes
Asymptomatic carrier (category Infectious diseases),,Yes
Immune reconstitution inflammatory syndrome (section Signs and symptoms),",",Yes
Bornholm disease,,Yes
Vascular disease,,Yes
Gaucher's disease,,Yes
Aspirin-exacerbated respiratory disease,,Yes
Gastroenteritis (category Infectious diseases),,Yes
Autoimmune skin diseases in dogs,,Yes
Pogosta disease,,Yes
Globalization and disease,,Yes
Hypertrophic cardiomyopathy (redirect from Spike and dome pulse),,Yes
Non-Hodgkin lymphoma (redirect from Non-Hodgkin's disease),,Yes
Spinal disease,,Yes
Stroke (redirect from Signs and symptoms of stroke),,Yes
Hereditary spastic paraplegia (redirect from Strumpell-lorrain disease),,Yes
Carpal tunnel syndrome (section Symptoms),,Yes
Bright's disease,,Yes
Dermatomyositis (redirect from Malignant disease with dermatomyositis),",",Yes
Dumping syndrome (section Signs and symptoms),,Yes
Pyelonephritis (category Kidney diseases),,Yes
Alice in Wonderland syndrome (category Symptoms and signs of mental disorders),,Yes
Nasal polyp (section Signs and symptoms),,Yes
Constipation (category Digestive disease symptoms),,Yes
Signs and symptoms of pregnancy,.,Yes
Argas persicus (section Disease and Symptoms),,Yes
Acute exacerbation of chronic obstructive pulmonary disease,,Yes
Valvular heart disease,,Yes
Gonorrhea (section Signs and symptoms),,Yes
Sporotrichosis (redirect from Rose gardener's disease),,Yes
Amoebiasis (category Intestinal infectious diseases),,Yes
Gallstone (redirect from Gallstone disease),.,Yes
Heartburn (category Symptoms and signs: Digestive system and abdomen),.,Yes
Rare disease,&,Yes
Myalgia (category Symptoms and signs: Nervous and musculoskeletal systems),,Yes
Batten disease,,Yes
African tick bite fever (section Signs and symptoms),,Yes
Aura (symptom),,Yes
Trichinosis (redirect from Trichine disease),,Yes
Vaginitis (redirect from Circinate (Reiter's disease) vulvovaginitis),",",Yes
Gastric acid (section Role in disease),,Yes
Milk borne diseases,,Yes
Meningitis (category Wikipedia infectious disease articles ready to translate),,Yes
Gangrene (redirect from Gang green disease),,Yes
Rectal discharge (category Symptoms and signs: Digestive system and abdomen),,Yes
Transverse myelitis (category Autoimmune diseases),,Yes
Attention deficit hyperactivity disorder (redirect from Disturbance of activity and attention),&,Yes
Drug withdrawal (redirect from Withdrawal symptoms),,Yes
Black pod disease,,Yes
Upper respiratory tract infection (category Infectious diseases),,Yes
Endotype (redirect from Disease entity),,Yes
Abscess (section Signs and symptoms),,Yes
Hematochezia,",",Yes
Thyrotoxic myopathy (category Myoneural junction and neuromuscular diseases),,Yes
Lymphoma (section Signs and symptoms),-,Yes
Laryngitis (section Signs and symptoms),,Yes
Management of Parkinson's disease,(,Yes
Rash (category Symptoms and signs: Skin and subcutaneous tissue),,Yes
Hurler syndrome (redirect from Hurler's disease),.,Yes
Conjunctivitis (section Signs and symptoms),,Yes
Tay–Sachs disease,,Yes
Alexander disease,,Yes
Scleroderma (category Autoimmune diseases),,Yes
Appendicitis (category Diseases of appendix),,Yes
Endocrinology (redirect from Endocrinal diseases),",",Yes
Urethritis (redirect from Urogenital symptoms),;,Yes
Abdominal distension (category Symptoms and signs: Digestive system and abdomen),,Yes
Corticobasal degeneration (category Rare diseases),,Yes
"Blepharitis (category Disorders of eyelid, lacrimal system and orbit)",,Yes
Encephalitis (category Infectious diseases),,Yes
Arthritis (category Aging-associated diseases),",",Yes
Myocarditis (category Chronic rheumatic heart diseases),,Yes
Chronic wasting disease,,Yes
Genital wart (category Papillomavirus-associated diseases),,Yes
Sickle cell disease,,Yes
Lemierre's syndrome (redirect from Lemierre's disease),,Yes
Krabbe disease,,Yes
Progressive supranuclear palsy (redirect from Steele-Richardson-Olszewski disease),.,Yes
Gluten-free diet (section Coeliac disease),,Yes
Chikungunya (redirect from Chikungunya viral disease),,Yes
Colitis (category Noninfective enteritis and colitis),,Yes
Rocky Mountain spotted fever (redirect from Blue disease),,Yes
Neurogenic bladder dysfunction (section Signs and symptoms),,Yes
Cushing's disease,:,Yes
Postorgasmic illness syndrome (category Autoimmune diseases),.,Yes
Dropsy in fish (redirect from Dropsy (fish disease)),,Yes
"Amplified musculoskeletal pain syndrome (category Nerve, nerve root and plexus disorders)",,Yes
Tetanus (redirect from Tetanus disease),,Yes
Neurocysticercosis (category Parasitic diseases associated with beef and pork consumption),,Yes
Myositis,.,Yes
Candidiasis (redirect from Thrush (disease)),,Yes
Thrombotic thrombocytopenic purpura (redirect from Moschcowitz disease),,Yes
Latent period (epidemiology) (category Infectious diseases),,Yes
Asperger syndrome (redirect from Aspergers symptoms),,Yes
"Gastroparesis (category Diseases of oesophagus, stomach and duodenum)",,Yes
Pharyngitis (category Infectious diseases),,Yes
Fabry disease,,Yes
Sheehan's syndrome (redirect from Simmond's Disease),,Yes
Hernia (section Signs and symptoms),,Yes
Hiatal hernia (section Signs and symptoms),,Yes
Natural history of disease,,Yes
Posterior reversible encephalopathy syndrome (section Signs and symptoms),,Yes
Verticillium dry bubble (section Host range and symptoms),,Yes
Dercum's disease,,Yes
Bell's palsy (section Signs and symptoms),,Yes
Lactose intolerance (redirect from Lactase persistence vs. lactose intolerance and deficiencies),,Yes
Anorexia (symptom),,Yes
Impetigo (section Signs and symptoms),,Yes
Plague (disease),,Yes
Psychosis (section Signs and symptoms),,Yes
Psoriasis (redirect from Early onset and severe psoriasis),,Yes
Maple syrup urine disease,,Yes
Paresthesia (redirect from Pins and needles),,Yes
Major depressive disorder (redirect from Depression symptoms),,Yes
West Nile virus (section Disease),,Yes
Anticipation (genetics) (section Examples of diseases showing anticipation),.,Yes
Paratyphoid fever (category Intestinal infectious diseases),,Yes
Volvulus (category Diseases of intestines),,Yes
Salmeterol (section Pregnancy and lactation),,Yes
Polycystic kidney disease,,Yes
Degenerative disease,,Yes
Anaphylaxis (category Respiratory diseases),,Yes
Amyloidosis (redirect from Abercrombie's disease),,Yes
ICD-11 (redirect from ICD-11 MMS Chapter 1: Certain infectious or parasitic diseases),,Yes
Haemophilia B (redirect from Christmas disease),,Yes
Alternaria solani (category Fungal plant pathogens and diseases),(,Yes
Chronic mucocutaneous candidiasis (section Signs and symptoms),.,Yes
Atypical pneumonia (section Signs and symptoms),,Yes
Gastroenterology (section Disease classification),,Yes
Endometriosis (section Signs and symptoms),,Yes
CREST syndrome (category Connective tissue diseases),,Yes
Toxic shock syndrome (redirect from Tampon disease),,Yes
Pellagra (category Wikipedia infectious disease articles ready to translate),,Yes
Exacerbation (category Symptoms),,Yes
Blood in stool,,Yes
Nosology (section Extended nosology and general medical conditions),.,Yes
Pleurisy (category Symptoms and signs: Respiratory system),-,Yes
Schamberg disease,atology,Yes
Dermatitis herpetiformis (redirect from Duhring disease),,Yes
Benign fasciculation syndrome (section Signs and symptoms),,Yes
International Lyme and Associated Diseases Society,,Yes
Trinucleotide repeat disorder (redirect from Trinucleotide repeat expansion diseases),,Yes
Hepatitis A (category Vaccine-preventable diseases),.,Yes
Witch's broom (category Plant pathogens and diseases),.,Yes
Gallbladder disease,",",Yes
Acromegaly (section Signs and symptoms),,Yes
Dysthymia (section Signs and symptoms),,Yes
Heart failure (redirect from Congestive heart disease),,Yes
Rheumatic fever (redirect from Rheumatic Heart Disease),,Yes
Chest pain (section Signs and symptoms),",",Yes
Neurasthenia (section Symptoms),,Yes
Palpitations (category Symptoms and signs: Circulatory system),.,Yes
Impacted wisdom teeth (section Signs and symptoms),: `` ',Yes
Pogona (section Metabolic bone disease),,Yes
Cryoglobulinemia (category Hepatitis C virus-associated diseases),.,Yes
Mumps (category Vaccine-preventable diseases),,Yes
Pancreatic cancer (section Signs and symptoms),,Yes
Gilbert's syndrome (redirect from Gilberts disease),,Yes
Lysosomal storage disease,",",Yes
Marburg virus disease,,Yes
"FODMAP (redirect from Fermentable Oligo-, Di-, Monosaccharides And Polyols)",,Yes
Autoimmune urticaria (category Autoimmune diseases),,Yes
De Quervain syndrome (redirect from De Quervain's disease),,Yes
Oculocutaneous albinism type I (section Signs and symptoms),.,Yes
Vaginal yeast infection (category Inflammatory diseases of female pelvic organs),,Yes
Idiopathic multicentric Castleman disease,,Yes
Darier's disease,,Yes
Autoinflammatory diseases,,Yes
Myoclonic dystonia (category Extrapyramidal and movement disorders),,Yes
Fatty liver disease,,Yes
Herpes gladiatorum (redirect from Wrestling and herpes),,Yes
International Classification of Diseases,,Yes
Carol Jennings (category Alzheimer's disease activists),,Yes
Small fiber peripheral neuropathy (section Signs and symptoms),",",Yes
Pernicious anemia (redirect from Biermer disease),,Yes
Bird fancier's lung (section Signs and symptoms),,Yes
Spinal and bulbar muscular atrophy,,Yes
Inborn errors of metabolism (redirect from Metabolic Diseases),,Yes
Central nervous system viral disease,,Yes
Diabetes (redirect from Symptoms of diabetes),,Yes
Trigger finger (category Disorders of synovium and tendon),,Yes
Brachydactyly (redirect from Brachymesophalangy II and V),,Yes
Thalassemia (category Disorders of globin and globulin proteins),,Yes
Tick infestation (category Tick-borne diseases),,Yes
Influenza-like illness (redirect from Flu like symptoms),,Yes
IgA nephropathy (redirect from Berger's disease),,Yes
Undifferentiated connective tissue disease,",",Yes
Chickenpox (category Vaccine-preventable diseases),",",Yes
Thiamine deficiency (section Signs and symptoms),,Yes
Organic personality disorder (section Signs and symptoms),,Yes
Infectious diseases (medical specialty),,Yes
Asbestosis (redirect from Asbestos lung disease),,Yes
Somatosensory amplification (category Somatic symptom disorders),,Yes
Allergic rhinitis (section Signs and symptoms),,Yes
Tennis elbow (section Signs and symptoms),,Yes
Lymphatic filariasis (category Wikipedia infectious disease articles ready to translate),,Yes
Hereditary neuropathy with liability to pressure palsy (section Signs and symptoms),,Yes
Jembrana disease,",",Yes
Post-concussion syndrome (redirect from Post-concussion symptoms),,Yes
Granulomatosis with polyangiitis (redirect from Wegener's disease),,Yes
Gluten (section Celiac disease),,Yes
Atopic dermatitis (section Signs and symptoms),,Yes
Multiple myeloma (redirect from Kahler's disease),",",Yes
Vasculitis (redirect from Gougerot Ruiter disease),,Yes
Anemia (section Signs and symptoms),.,Yes
Anxiety disorder (section Perception and Discrimination),,Yes
Mpox (category Animal viral diseases),,Yes
Ataxia–telangiectasia (category DNA replication and repair-deficiency disorders),,Yes
Niemann–Pick disease,,Yes
Altitude sickness (redirect from Altitude Diseases),,Yes
Drug rash with eosinophilia and systemic symptoms,,Yes
Leprosy (redirect from Societal and cultural aspects of leprosy),",",Yes
Enteritis (category Intestinal infectious diseases),,Yes
Major depressive episode (redirect from Severe depressive episode without psychotic symptoms),,Yes
Ascariasis (category Tropical diseases),,Yes
Foot-and-mouth disease,,Yes
Bipolar disorder (redirect from Bipolar affective disease),,Yes
Ziehl–Neelsen stain,",",Yes
Shingles (category Viral diseases),,Yes
Interstitial cystitis (section Signs and symptoms),,Yes
Neuro-Behçet's disease,,Yes
Protein toxicity (category Symptoms and signs),.,Yes
Reactive airway disease,,Yes
Transmissible spongiform encephalopathy,,Yes
Liver disease,,Yes
Pneumothorax (section Signs and symptoms),,Yes
Chronic condition (redirect from Chronic diseases),,Yes
Medical encyclopedia,,Yes
Fever (category Symptoms and signs),,Yes
Paraneoplastic syndrome (redirect from Paraneoplastic disease),",",Yes
Multiple sclerosis signs and symptoms,.,Yes
Cardiovascular disease,,Yes
List of pests and diseases of roses,:,Yes
Machado–Joseph disease,,Yes
Morvan's syndrome (redirect from Morvan's disease),,Yes
Disabilities affecting intellectual abilities (section Neurodegenerative diseases),.,Yes
Babesiosis (redirect from Red water disease),,Yes
Granulomatous amoebic encephalitis (category Waterborne diseases),,Yes
White dot syndromes (category Eye diseases),",",Yes
Osteoarthritis (redirect from Degenerative joint disease),,Yes
Epididymitis (section Signs and symptoms),,Yes
Peritonsillar abscess (category Bacterial diseases),,Yes
Chilblains (category Foot diseases),.,Yes
List of sugarcane diseases,,Yes
Laryngopharyngeal reflux (redirect from Laryngopharyngeal reflux disease),,Yes
Iridovirus dwarf gourami disease,,Yes
Mitochondrial DNA depletion syndrome (redirect from Alpers' disease),.,Yes
Somatic Symptom Scale - 8,,Yes
"ICD-10 (redirect from ICD-10 Chapter H: Diseases of the eye, adnexa, ear, and mastoid process)",.,Yes
Inclusion body myositis (section Signs and symptoms),.,Yes
Coxsackie A virus (redirect from Coxsackie disease),,Yes
Coxsackie B4 virus (section Symptoms),,Yes
Craniocervical instability (category Human diseases and disorders),,Yes
Angor animi (redirect from Gairdner's disease),,Yes
Thorax,,Yes
Acute bronchitis (section Signs and symptoms),,Yes
Coccidioidomycosis (redirect from California disease),,Yes
Factitious disorder imposed on self (redirect from Fake disease),,Yes
Bed bug (section Society and culture),",",Yes
Dhat syndrome (section Signs and symptoms),.,Yes
Goodpasture syndrome (redirect from Goodpasture's disease),.,Yes
Degenerative disc disease,,Yes
Patent medicine (section Patent medicines and advertising),,Yes
Pityriasis rosea (redirect from Gibert's disease),",",Yes
Spinocerebellar ataxia (category Rare diseases),.,Yes
Dyshidrosis (redirect from Chronic vesicular eczema of hands and feet),",",Yes
Allopathic medicine,.,Yes
Urologic disease,,Yes
Hyperemesis gravidarum (section Signs and symptoms),,Yes
Hypophosphatasia (category Rare diseases),.,Yes
Weakness (category Symptoms and signs: Nervous system),,Yes
Lymphogranuloma venereum (redirect from Durand–Nicolas–Favre disease),,Yes
Coccidiosis (category Parasitic diseases),,Yes
Sever's disease,,Yes
Moyamoya disease,,Yes
Dry eye syndrome (redirect from Dry eye disease),,Yes
Ehrlichiosis (category Tick-borne diseases),.,Yes
Canine distemper (category Dog diseases),,Yes
Osteomyelitis (category Bacterial diseases),,Yes
African trypanosomiasis (category Insect-borne diseases),,Yes
Ichthyosis (category Rare diseases),,Yes
Nephrotic syndrome (category Kidney diseases),,Yes
Jumping Frenchmen of Maine (section Signs and symptoms),",",Yes
Adjustment disorder (section Signs and symptoms),,Yes
Study uncovers potential mechanism for increased fracture risk among PPI users,,Yes
Can consumers trust the health claims made on fish oil supplement labels?,",",Yes
AAP warns against keto diet for children with diabetes,,Yes
European Respiratory Society: Doctors use patients' own lung cells to repair COPD damage,,Yes
What is the impact of vaccination after long COVID?,,Yes
Podcast Recap | AMA Update: Getting rid of stupid stuff to make your private practice more efficient,,Yes
FDA issues statement clarifying advisory committee findings on oral phenylephrine,,Yes
New AI tools help clinicians screen for mental health conditions,,Yes
NIH clinical trial of universal flu vaccine candidate begins,,Yes
"As more patients email doctors, health systems start charging fees",,Yes
Temozolamide indications updated under FDA's Project Renewal program,,Yes
Test your knowledge: COVID-19 vaccines for patients with recent SARS-CoV-2 infection,,Yes
Zebra of the Week: Huntington disease,,Yes
"Staying up late tied to unhealthy lifestyle, diabetes risk",,Yes
Study finds link between haloperidol use and risk of rheumatoid arthritis,,Yes
Does IV ferric carboxymaltose improve outcomes in patients with HF and iron deficiency?,,Yes
Suspected Legionella transmission from donor to two lung transplant recipients,,Yes
"One oral HIV PrEP regimen linked to higher risk of hypertension, statin use",,Yes
High levels of particulate air pollution associated with increased breast cancer incidence,,Yes
"COCA Call: Thurs., Sept. 21 - Diagnosing mycoses blastomycosis, coccidioidomycosis, and histoplasmosis",,Yes
Abortion bans fuel rise in high-risk patients heading to Illinois hospitals,,Yes
AHA: Cold weather may pose challenges to treating high blood pressure,,Yes
Ovarian cancer: NICE recommends expanding availability of genetic testing,,Yes
,,Yes
Curcumin and omeprazole compared in functional dyspepsia patients,,Yes
Antihypertensive use tied to reduced dementia risk in late life,,Yes
Does SSRI use during pregnancy affect a child’s brain development?,,Yes
"National Physician Suicide Awareness Day: Sunday, Sept. 17",,Yes
Being breastfed as an infant tied to increased colorectal cancer risk,,Yes
"Your COVID update for September 15, 2023",,Yes
New brand drug - Eylea HD (aflibercept intravitreal),,Yes
"Picture Quiz: A lumpy, red ear in a renal transplant patient",,Yes
Novel blood test for chronic fatigue syndrome has 91% accuracy,,Yes
Aldosterone synthase inhibitor shows promise as BP-lowering agent in phase 2 trial,,Yes
"COCA Call: Tues., Sept. 19 - Preparing for the upcoming respiratory virus season",,Yes
"What your patients are reading: Week of September 11, 2023",,Yes
Should ACS patients start with combination lipid therapy?,,Yes
Is investigational gefapixant effective for chronic cough?,,Yes
"What's this pill? | September 14, 2023",,Yes
"Are 10,000 steps per day really necessary to realize health benefits?",,Yes
epocrates Featured Calculator: Edinburgh Postnatal Depression Scale (EPDS),,Yes
FDA warns companies about marketing unapproved eye products,,Yes
Young boy suffering chronic pain for 3 years finally receives correct diagnosis from ChatGPT,,Yes
New brand drug - Brixadi (buprenorphine),,Yes
,,Yes
Which states vaccinate the most?,,Yes
FDA approves drug for stem cell mobilization for ASCT in multiple myeloma,,Yes
Statin use linked to lower colorectal cancer risk in patients with IBD,,Yes
,,Yes
Are expired OTC COVID-19 tests still safe and effective?,,Yes
NIH investigates multidrug-resistant bacterium emerging in community settings,,Yes
Increased risk of thyroid eye disease following COVID-19 vaccination,,Yes
Withdrawn indication - Gavreto (pralsetinib),,Yes
Zebra of the Week: Dravet syndrome,,Yes
What's the effect of hormone therapy on sexual function in postmenopausal women?,,Yes
,,Yes
,,Yes
Topical treatments for atopic dermatitis: How do they stack up?,,Yes
2023 flu vaccine cut hospitalizations by half in Southern Hemisphere,,Yes
Does NSAID use increase VTE risk among women using hormonal contraception?,,Yes
Providing vs. recommending prenatal supplements with iron to pregnant people,,Yes
Drug Shortage Update: FDA unclear when Wegovy supply limits will resolve,,Yes
Regenerative medicine: Scientists grow human kidneys in pigs,,Yes
Update: Outbreak of locally acquired malaria in Florida and Texas,,Yes
Statin cuts CV risk in patients with HIV infection,,Yes
New brand drug - Veopoz (pozelimab-bbfg),,Yes
Test your knowledge: Vibrio vulnificus wound infection risk,,Yes
FDA drops REMS requirement for alosetron (Lotronex),,Yes
CDC: Pneumococcal vaccine recommendations for adults,,Yes
,,Yes
Does meningococcal B vaccination protect against gonococcal infection?,,Yes
Could some patients with fibromyalgia potentially have hypophosphatasia?,,Yes
The shrinking number of primary care physicians is reaching a tipping point,,Yes
New formulation - Vigadrone (vigabatrin),,Yes
WHO: One in three men worldwide infected with genital HPV,,Yes
Eye-tracking tool may aid in early diagnosis of autism,,Yes
New brand drug - Elrexfio (elranatamab-bcmm),,Yes
Aspirin may cut mortality risk in sepsis-associated acute kidney injury,,Yes
How does heat exposure during pregnancy effect maternal well-being?,,Yes
Long-term data suggest continued HPV vaccine efficacy after 10 years,,Yes
"In-hospital adverse event rates similar for haloperidol, atypical antipsychotics",,Yes
Calcium channel blockers and glaucoma risk: What's the association?,,Yes
Is phenylephrine an effective nasal decongestant? FDA thinks not,,Yes
New brand drug - Talvey (talquetamab-tgvs),,Yes
"Your COVID-19 update for September 8, 2023",,Yes
Air pollution linked to dementia cases,,Yes
"Pfizer, Valneva report positive trial results for Lyme disease vaccine candidate",,Yes
Picture Quiz: An intermammary patch,,Yes
WEFUN capsules voluntarily recalled due to undeclared sildenafil,,Yes
Cephalexin for uncomplicated UTI in women: Is qid dosing necessary?,,Yes
Study finds no link between vaccines and MS flare-ups,,Yes
"What your patients are reading: Week of September 4, 2023",,Yes
Who is more likely to use telehealth services for abortion care?,,Yes
New brand drug - Ycanth (cantharidin topical),,Yes
FDA OKs updated 23andMe test to include additional BRCA variants,,Yes
epocrates Featured Calculator: Modified Wells score for DVT,,Yes
"Study suggests marijuana exposes users to lead, cadmium",,Yes
Is pharmacotherapy cost effective for treating obesity in adolescents?,,Yes
New brand drug - Sohonos (palovarotene),,Yes
"What's this pill? | September 7, 2023",,Yes
,,Yes
Podcast Recap | Intention to Treat: Prospects for Pain,,Yes
Clotting proteins measured during acute COVID-19 may predict later brain fog,,Yes
Does lorazepam impact survival rates among cancer patients?,,Yes
CDC issues health warning after 5 killed by 'flesh-eating' bacteria across East Coast,,Yes
Canakinumab approved for treatment of gout flares,,Yes
CDC issues health warning about increasing RSV activity,,Yes
Single-dose psilocybin—more evidence of benefit in major depressive disorder,,Yes
,,Yes
Universal Meditech recalls all products manufactured between March 2021 and November 2022,,Yes
New brand drug - Breyna (budesonide/formoterol inhaled),,Yes
,,Yes
CDC says highly mutated BA.2.86 detected in at least 4 states,,Yes
,,Yes
Does infertility treatment increase risk of stroke?,,Yes
Is statin use associated with recurrent stroke after intracerebral hemorrhage?,,Yes
New brand drug - Izervay (avacincaptad pegol intravitreal),,Yes
More counterfeit pills implicated in U.S. overdose deaths,,Yes
,,Yes
How do you safely add buspirone to SSRI therapy in patients with CV comorbidities?,,Yes
"Sexual activity key to mpox spread, even among those not reporting male-to-male contact",,Yes
New brand drug - Roctavian (valoctocogene roxaparvovec-rvox) (valoctocogene roxaparvovec),,Yes
Test your knowledge: West Nile virus disease,,Yes
Are adults and children with atopic dermatitis at risk of developing IBD?,,Yes
Drugmaker announces ‘unprecedented’ results for ALK inhibitor in early-stage lung cancer trial,,Yes
"Innovative treatment for anorexia nervosa may positively impact body image, anxiety",,Yes
Artificial intelligence may influence how you prescribe pain medications,,Yes
FDA greenlights Rx-only CBT digital therapeutic for patients with T2DM,,Yes
epocrates Featured Calculator: HAS-BLED Bleeding Risk Score,,Yes
"European regulators reviewing semaglutide, liraglutide following reports of suicidal thoughts",,Yes
"What's this pill? | July 13, 2023",,Yes
FDA approves world’s first dual-chamber leadless pacing system,,Yes
"New brand drug - Arexvy (respiratory syncytial virus vaccine, adjuvanted (RSVPreF3))",,Yes
FDA updates its ADHD treatment guidance as school year begins,,Yes
Are women better surgeons than men?,,Yes
Device-detected atrial high-rate episodes without afib: Do they warrant anticoagulation?,,Yes
,,Yes
Treating mother’s postnatal depression also benefits children,,Yes
Several Hamilton Medical ventilators recalled for potential software malfunction,,Yes
"Your COVID-19 update for September 1, 2023",,Yes
Certain SSRIs linked to pro-arrhythmic effects in older patients,,Yes
,,Yes
Picture Quiz: A screaming Texas toddler,,Yes
Evidence builds for SGLT2 inhibitors' anti-gout effects,,Yes
FDA issues warning letters to 3 infant formula manufacturers,,Yes
Is there a link between osteoporosis and Parkinson disease?,,Yes
"What your patients are reading: Week of August 28, 2023",,Yes
Trial evaluates semaglutide in patients with HFpEF and obesity,,Yes
"What's this pill? | August 31, 2023",,Yes
"Fruit and vegetable prescriptions linked to improved food security, cardiometabolic health",,Yes
epocrates Featured Calculator: Sodium Correction in Hyperglycemia,,Yes
Luspatercept-aamt (Reblozyl) indications expanded for myelodysplastic anemia,,Yes
Several factors linked to declining testosterone levels in older men,,Yes
Brand discontinued in U.S. - HyperHEP B S/D (hepatitis B immune globulin (human)),,Yes
Does colchicine protect against afib in patients undergoing thoracic surgery?,,Yes
Parasitic roundworm found in woman's brain,,Yes
,,Yes
Podcast Recap | Huberman Lab: Balancing caffeine intake,,Yes
"COCA Call: Thurs., Aug. 31 - 2023-2024 recommendations for influenza prevention and treatment in children",,Yes
Do common cancer screenings extend lifespan?,,Yes
First generic versions of Vyvanse gain FDA approval,,Yes
CTE diagnosed in more than 40% of athletes who died before age 30,,Yes
"Should frail, older afib patients switch from VKA therapy to a DOAC?",,Yes
What are the naloxone requirements when treating overdose with novel potent opioids?,,Yes
Aseptic meningitis? Encephalitis? Don't rule out arboviruses,,Yes
Zebra of the Week: Alkaptonuria,,Yes
Does increased screen time for infants affect cognitive outcomes into childhood?,,Yes
,,Yes
New/Expanded indications - Ezallor Sprinkle (rosuvastatin),,Yes
Poor drinking water quality may up likelihood of lung infection in cystic fibrosis,,Yes
CMS announces first 10 drugs up for Medicare price negotiations,,Yes
CDC Health Advisory: Important updates on locally acquired malaria cases identified in the U.S.,,Yes
Can chatbots make accurate cancer treatment recommendations?,,Yes
Parkinson disease gene variant found in people of African ancestry,,Yes
Wildfire smoke caused summer spike in emergency department visits,,Yes
Gender-affirming surgery in the U.S. rose between 2016-2020,,Yes
Which patients aren't good candidates for semaglutide therapy?,,Yes
FDA OKs first biosimilar for treatment of MS,,Yes
Does adenotonsillectomy improve dysphagia outcomes in children with sleep apnea?,,Yes
CDC issues guidance on use of nirsevimab for RSV prevention in infants and children,,Yes
Semaglutide may help curb obesity and CVD prevalence in the U.S.,,Yes
CDC launches program to improve sepsis survival rates,,Yes
"Inmar recalls food, drugs, medical devices stored at Texas facility",,Yes
First-time generic drug - darunavir,,Yes
Eye scans detect Parkinson’s disease years before onset,,Yes
Remdesivir now approved for use in patients with hepatic impairment,,Yes
Which antihistamines can interfere with narcolepsy treatment?,,Yes
Hidden ingredients found in 6 'energy boosters',,Yes
Study finds unexpected results about residents and PTSD during COVID,,Yes
Roughly 1 in 5 report mistreatment in perinatal care,,Yes
Early-onset cancer incidence increased in the U.S. between 2010-2019,,Yes
"Frozen corn, mixed vegetables recalled due to possible Listeria monocytogenes contamination",,Yes
"Your COVID-19 update for August 25, 2023",,Yes
Dexamethasone for migraine treatment in the ED: Is a higher dose more beneficial?,,Yes
Picture Quiz: A pigeon keeper with a persistent skin ulcer,,Yes
Dementia diagnosis: An important time to deprescribe medications,,Yes
USPSTF: At-risk patients should take PrEP to prevent HIV infection,,Yes
New indication - Daxxify (daxibotulinumtoxinA-lanm),,Yes
"What your patients are reading: Week of August 21, 2023",,Yes
Healthy lifestyle changes during pregnancy linked to improved outcomes for mothers and children,,Yes
FDA: Don't use certain MSM-containing eye drops,,Yes
Three dead after Listeria found in milkshakes sold at Tacoma restaurant,,Yes
epocrates decision tools - Acute Diverticulitis Dx/Tx,,Yes
New brand drug - Xdemvy (lotilaner ophthalmic),,Yes
Interhospital transfer of acute stroke patients: How are we doing on timeliness?,,Yes
CDC releases influenza vaccination guidance for 2023-24 season,,Yes
"What's this pill? | August 24, 2023",,Yes
,,Yes
,,Yes
Valbenazine (Ingrezza) indications expanded to include Huntington disease chorea,,Yes
Severe COVID-19 may lead to long-lasting changes in patients' immune systems,,Yes
Certain Nuez de la India products appear to contain highly toxic yellow oleander,,Yes
Physical assault during childhood linked to increased risk of mental illness,,Yes
Pain in the year following MI: What's the impact on mortality?,,Yes
,,Yes
RSV vaccine OK'd for use in pregnancy,,Yes
Certain COPD inhaled meds linked to fracture risk,,Yes
Zebra of the Week: Hypermobile Ehlers-Danlos syndrome,,Yes
Does social media counseling delivered by PCPs benefit young individuals?,,Yes
FDA OKs first treatment for CD55-deficient protein-losing enteropathy (CHAPLE disease),,Yes
Can certain breast cancer patients safely omit radiotherapy?,,Yes
How epidemiological and clinical characteristics of mpox differ in patients over age 50,,Yes
Does liraglutide improve brain function in adults with obesity?,,Yes
Tiny turtles behind multistate Salmonella outbreak,,Yes
IV esketamine for augmenting the effects of oral antidepressants: A randomized pilot study,,Yes
"Marijuana and hallucinogen use, binge drinking hit historic highs for middle-aged adults",,Yes
Brand discontinued in U.S - Adhansia XR (methylphenidate),,Yes
Test your knowledge about berberine—dubbed 'nature's Ozempic' on social media,,Yes
New research identifies clotting risk factors for patients with cancer and COVID-19,,Yes
Anti-inflammatory drug boosts efficacy of morning-after pill,,Yes
Is shift work associated with increased rates of depression and anxiety?,,Yes
NIH establishes centers of excellence to expand maternal health research capabilities,,Yes
"Class I Recall: Cardiosave Hybrid and Rescue Intra-aortic Balloon Pumps, due to circuit board failures",,Yes
"CDC tracking new COVID lineage, BA.2.86",,Yes
Why is #BarbieBotox trending on TikTok?,,Yes
Rx-to-OTC switch - Narcan Nasal Spray (naloxone nasal),,Yes
Does ginkgo diterpene lactone meglumine improve outcomes after ischemic stroke?,,Yes
FDA safety update: Don't use certain UV wands due to unsafe radiation levels,,Yes
Study examines effects of low-dose glucocorticoids in RA patients,,Yes
Protecting infants from critical RSV illness: Lessons learned from the 2022 season,,Yes
"Expanded indication - Ervebo (ebola Zaire vaccine, live)",,Yes
"Hospitalizations up for 4th straight week: Your COVID-19 update for August 18, 2023",,Yes
"New brand drug - Cyfendus (anthrax vaccine, adjuvanted)",,Yes
Anti-CD20 monotherapy for MS may heighten risk for severe neuroinvasive West Nile virus,,Yes
Picture Quiz: A pregnant woman with a reticular rash,,Yes
FDA OKs liver-directed treatment for metastatic uveal melanoma,,Yes
Blood-based test detects more than 20 cancer types,,Yes
First treatment for fibrodysplasia ossificans progressiva wins FDA approval,,Yes
"What your patients are reading | Week of August 14, 2023",,Yes
"Exposure to pigs linked to flu viruses in humans, CDC report shows",,Yes
FDA grants accelerated approval to Elrexfio for relapsed or refractory multiple myeloma,,Yes
Do PPIs increase infection risk in children?,,Yes
New epocrates decision tool - Insulin Product Switching,,Yes
"FDA Class I recall: Philips Respironics recalls Trilogy Evo, Evo O2, EV300, and Evo Universal Ventilators",,Yes
Do SGLT2-Is reduce risk of afib recurrence after ablation in patients with T2DM?,,Yes
Will the latest FDA proposal on salt intake do more harm than good?,,Yes
"What's this pill? | August 17, 2023",,Yes
,,Yes
,,Yes
,,Yes
Brand discontinued in U.S - Twynsta (telmisartan/amlodipine),,Yes
FDA warns against using tests manufactured by Universal Meditech,,Yes
Does air pollution increase dementia risk?,,Yes
KFF Poll: 3 out of 10 people say they or someone in their family has been addicted to opioids,,Yes
Can a headset that measures 'headpulse' better gauge concussion recovery?,,Yes
FDA expands Daxxify label to include cervical dystonia treatment,,Yes
,,Yes
,,Yes
Brand discontinued in U.S - Clarinex-D 24 Hour (desloratadine/pseudoephedrine),,Yes
Penicillin shortage continues in U.S. as syphilis rates soar,,Yes
Pedestrian fatalities in the U.S. higher among men,,Yes
FDA grants full approval to pralsetinib for RET fusion–positive NSCLC,,Yes
Generic vs. brand-name fluticasone-salmeterol for COPD treatment: How do they compare?,,Yes
Playing American football and Parkinson disease: What's the association?,,Yes
FDA approves niraparib and abiraterone acetate plus prednisone for prostate cancer,,Yes
When can a drug interaction cause sinus arrest?,,Yes
How does age impact suicide risk?,,Yes
Social factors a driver in higher CVD mortality among Black patients,,Yes
New formulation - pirfenidone,,Yes
Salmonella outbreak linked to ready-to-eat tofu,,Yes
Izervay wins FDA approval for geographic atrophy,,Yes
New brand drug - Suflave (polyethylene glycol/sodium sulfate/potassium chloride/magnesium sulfate/sodium chloride),,Yes
Do blood tests that screen for cancer do more harm than good?,,Yes
Can electrical brain stimulation help your depressed patients?,,Yes
"Kim Kardashian and other celebrity influencers spark controversy over $2,500 out-of-pocket body scan",,Yes
What percentage of cancer survivors engage in risky drinking behaviors?,,Yes
Can finerenone lower cardiovascular risk in diabetic kidney disease?,,Yes
,,Yes
More than half of hospitalized babesiosis patients may have neurologic symptoms,,Yes
"COCA Call: Thurs., Aug. 17 - We must maintain measles elimination in the U.S.",,Yes
"Can exercise reduce depression, burnout, and absenteeism in health care personnel?",,Yes
epocrates Featured Calculator: Enhanced STOP-Bang screen for OSA in adults,,Yes
Long-term use of PPIs linked to higher risk of dementia,,Yes
,,Yes
Picture Quiz: A man with a mamillated rash and fever,,Yes
Exercise paired with cognitive training may delay onset of dementia,,Yes
First-time generic drug - bepotastine ophthalmic,,Yes
White House launches new tracking tool for heat-related illness,,Yes
"What your patients are reading: Week of August 7, 2023",,Yes
,,Yes
Testicular cancer among military personnel linked to 'forever chemicals',,Yes
AI model can pinpoint origin of enigmatic cancers,,Yes
Video bests direct laryngoscopy for tracheal intubation of critically ill adults,,Yes
Impaired odor identification may signal later dementia in Black and White seniors,,Yes
New brand drug - Vanflyta (quizartinib),,Yes
"Lyme disease: Bella Hadid says she's ""finally healthy"" after ""15 years of invisible suffering""",,Yes
"Eris' on the rise: Your COVID-19 update for August 10, 2023",,Yes
"What's this pill? | August 10, 2023",,Yes
Noninvasive nerve stimulator offers alternative treatment for sleep apnea,,Yes
Podcast Recap | KFF Health News: EPIDEMIC - The goddess of smallpox,,Yes
Novel bacteria strain identified after cat bite,,Yes
Withdrawn FDA approval - oxandrolone,,Yes
Only 20% of Medicaid enrollees getting crucial treatment for hepatitis C,,Yes
Hearing aids slow cognitive decline in high-risk older adults,,Yes
"Women over 70 may be overdiagnosed for breast cancer and face unnecessary treatment, study finds",,Yes
WHO launches abortion-care app for health care workers,,Yes
Five things to know about the first oral medication for postpartum depression,,Yes
Zebra of the Week: Hansen's disease,,Yes
U.S. health systems feeling the heat,,Yes
Relying on one-size-fits-all BP cuffs can lead to inaccurate readings,,Yes
Aerobic vs. muscle-strengthening: Which kinds of exercise and intensity reduce mortality risk?,,Yes
"Unhappy family or trauma in youth can lead to poor health in older age, UCSF study finds",,Yes
Antibiotic-resistant Pseudomonas aeruginosa infections linked to ICU sink,,Yes
How a novel cardiac biomarker can stratify risk in chronic CAD,,Yes
USPSTF recommends daily folic acid supplement before pregnancy,,Yes
Semaglutide cuts risk of major CV events,,Yes
Solanezumab no better than placebo at slowing cognitive decline in preclinical Alzheimer disease,,Yes
Childhood TV viewing tied to higher risk of metabolic syndrome in middle age,,Yes
New dosing regimen - Wegovy (semaglutide),,Yes
Are your patients ready for the RSV vaccine?,,Yes
Obesity and the NICE two-year rule: How long should drug treatment last?,,Yes
What’s the natural history of tobacco exposure with preserved spirometry (TEPS)?,,Yes
Can SGLT-2 inhibitors reduce gout flares and hospitalizations?,,Yes
Study finds high burden of oral HPV in older men,,Yes
Americans want weight-loss drugs but not their potential costs or medical drawbacks,,Yes
Fleaborne typhus on the rise in LA County with 3 deaths reported in 2022,,Yes
New brand drug - Ngenla (somatrogon),,Yes
"COCA Call: Thurs., Aug 10 - Clinical vaccination guidance for pregnant people",,Yes
Are first-time users of hormonal contraceptives at increased risk of developing asthma?,,Yes
CDC recommends new immunization to protect infants from severe RSV disease,,Yes
FDA approves first oral treatment for postpartum depression,,Yes
Medical professionals sound the alarm on vaping-related child nicotine poisoning,,Yes
"AAP reaffirms gender-affirming care policy, calls for research review to guide update",,Yes
Two lots of oral contraceptive Tydemy recalled due to possible reduced effectiveness,,Yes
FDA/DEA Letter to Americans: Stimulant drug shortage,,Yes
"Early peanut feeding practices gaining traction, but more work is needed",,Yes
Picture Quiz: Skin changes with hand and foot weakness,,Yes
Scientists develop breath test that rapidly detects COVID-19 virus,,Yes
Can common bed bugs transmit MRSA?,,Yes
Zilebesiran shows early promise in treating hypertension,,Yes
"What your patients are reading: Week of July 31, 2023",,Yes
Health officials urge TB testing for persons working in poultry plants in North Alabama in wake of outbreak,,Yes
Are patients with RA at higher risk of aortic stenosis?,,Yes
epocrates decision tools - Lyme Disease Dx & Tx - 2023 Update,,Yes
Croup symptoms improve with cold air exposure,,Yes
CGRP monoclonal antibodies for migraine: Do they affect COVID-19 outcomes?,,Yes
FDA Class I recall: SIGMA Spectrum infusion pump and system,,Yes
"Your COVID-19 update for August 3, 2023",,Yes
"What's this pill? | August 3, 2023",,Yes
What’s new? Machine learning’s role in advancing deep brain stimulation,,Yes
Podcast Recap | AMA Update: The future of AI in medicine and what it means for physicians and practices,,Yes
Georgia resident dies from rare Naegleria fowleri brain infection,,Yes
New frontline treatment option greenlighted for endometrial cancer,,Yes
Is leprosy endemic in Florida?,,Yes
Amazon Clinic expands nationwide to provide messaging and video visits for common health conditions,,Yes
VA to study possible links between toxic exposures and certain cancers in service members,,Yes
White House launches Medicare Dementia Care program,,Yes
Large Danish cohort study finds statin effectiveness may rise with patient's age,,Yes
FDA Class I recall: TruSignal SpO2 sensors,,Yes
ACP: Start colorectal cancer screening at age 50,,Yes
Alpha-gal syndrome: Can you identify when symptoms begin?,,Yes
FDA expands indications of Ebola vaccine to include pediatric use,,Yes
Meta-analysis: HIV transmission risk near zero with low viral loads,,Yes
Bacterial testing could reduce antibiotic use in pediatric sinusitis,,Yes
Small trial finds psilocybin safe in females with anorexia nervosa,,Yes
Study highlights competing priorities of parenthood and career for women physicians,,Yes
FDA approves Balfaxar for warfarin reversal,,Yes
Voclosporin found to be safe and effective in long-term lupus nephritis trial,,Yes
Albuminuria testing widely underutilized in patients at risk for CKD,,Yes
FDA Class I recall: Impella left-sided blood pumps,,Yes
Zebra of the Week: Hidradentitis suppurativa,,Yes
Do epidural analgesia and oxytocin given during labor increase the risk of autism in children?,,Yes
Is cadmium exposure a risk factor for endometriosis?,,Yes
CDC: Few clinicians familiar with alpha-gal syndrome,,Yes
New brand drug - Litfulo (ritlecitinib),,Yes
"Your COVID-19 Update for July 31, 2023",,Yes
COVID-19: Study finds Paxlovid underused at U.S. nursing homes,,Yes
TB cases linked to viable bone matrix material,,Yes
Can short bursts of vigorous activity lower cancer risk?,,Yes
Liraglutide effective following poor response to metabolic surgery,,Yes
CDC: Travel-linked dengue cases in U.S. peaked in 2019,,Yes
"Vegetarian diet may significantly improve cholesterol, blood sugar, and body weight",,Yes
FDA OKs second OTC naloxone nasal spray,,Yes
"Low-dose aspirin may increase intracranial bleeding in healthy, older adults",,Yes
Study explains link between CV risk and obstructive sleep apnea,,Yes
New brand drug - Brenzavvy (bexagliflozin),,Yes
"Novel, rapid-acting drug effective for postpartum depression in phase 3 trial",,Yes
New brand drug - Elevidys (delandistrogene moxeparvovec),,Yes
Picture Quiz: Party lips,,Yes
Kratom: What are the potential risks?,,Yes
Rivaroxaban and warfarin similarly safe and effective in patients with CKD,,Yes
Multiplex PCR assay outperforms standard culture for diagnosing respiratory infection,,Yes
"What your patients are reading: Week of July 24, 2023",,Yes
Atomoxetine plus oxybutynin improves multiple variables in OSA,,Yes
FDA approves pulmonary stent to treat pediatric pulmonary artery stenosis,,Yes
epocrates Featured Calculator: MELDNa score,,Yes
How well does HPV vaccination protect against anal HPV and neoplasia?,,Yes
Withdrawn FDA approval - Gavreto (pralsetinib),,Yes
Cancer-associated thrombosis: Anticoagulants compared,,Yes
Xdemvy approved for treatment of Demodex blepharitis,,Yes
"What's this pill? | July 27, 2023",,Yes
Advancements in automated insulin pumps: Tandem Diabetes Care’s Mobi,,Yes
Podcast Recap | Hematuria with Dr. Derek Fine,,Yes
Novel thrombolytic noninferior to alteplase in acute ischemic stroke,,Yes
Patient-controlled epidural anesthesia—Start early for faster post-op pain relief,,Yes
First treatment for molluscum contagiosum wins FDA approval,,Yes
CDC releases guidance on use of RSV vaccines in older adults,,Yes
Women treated for breast cancer may age faster than cancer-free women,,Yes
What's the prevalence of arthritis among children and adolescents?,,Yes
Diagnostic error: Which diseases account for the greatest burden of harms?,,Yes
Zebra of the Week: Hereditary angioedema (HAE),,Yes
Cervical pessary no better than usual care for preterm birth prevention,,Yes
Finger prick test shows promise in detecting Alzheimer disease,,Yes
What are older adults’ medical preferences for the end of life?,,Yes
New indication - Talzenna (talazoparib),,Yes
Charcoal production and use linked to respiratory and nonrespiratory diseases,,Yes
White House opens permanent pandemic preparedness office,,Yes
"Tornado damage to Pfizer plant not likely to lead to major drug shortages, FDA says",,Yes
Daily statin reduces heart disease risk among adults living with HIV,,Yes
"More than 300,000 CUPKIN children’s cups recalled due to high lead levels",,Yes
FDA Class I Recall: Megadyne recalls MEGA 2000 and MEGA SOFT products,,Yes
CDC: Soft tick relapsing fever in the U.S. from 2012 to 2021,,Yes
Gastric bypass surgery linked to risk for substance use disorders,,Yes
Omega-3 fatty acids show promise for maintaining lung health,,Yes
FDA grants approval to adjuvanted anthrax vaccine,,Yes
To reduce antibiotic use for asymptomatic bacteriuria—Avoid unnecessary urine cultures,,Yes
Outbreak of Shiga toxin–producing E. coli linked to farming camp,,Yes
Expanded indication - Nucynta (tapentadol),,Yes
Nine out of 10 herbal sports supplements not accurately labeled,,Yes
FDA approves quizartinib for newly diagnosed acute myeloid leukemia,,Yes
Maternal vaccine elicits antibodies against invasive group B strep in infants,,Yes
MIND diet for brain health shows unexpected results in new clinical trial,,Yes
Is there a genetic basis for COVID-19 'super dodgers'?,,Yes
Tornado damage to North Carolina Pfizer plant raises concerns about more drug shortages,,Yes
Study examines incidence and prevalence of vitiligo in U.S.,,Yes
New brand drug - Adstiladrin (nadofaragene firadenovec),,Yes
Low-dose atropine fails to slow myopia progression in children,,Yes
Does vitamin D3 supplementation reduce afib risk in healthy individuals?,,Yes
Picture quiz: An ill-appearing man with recurring target lesions,,Yes
Expanded indication - Leqvio (inclisiran),,Yes
USPSTF: Evidence lacking for lipid screening in younger patients,,Yes
FDA migraine medication approvals: Trials have had inconsistent endpoints,,Yes
"What your patients are reading: Week of July 17, 2023",,Yes
Testosterone therapy linked to increased CVD risks in cisgender women,,Yes
epocrates decision tools - H. pylori Tx in Adults & Children - Update,,Yes
New brand drugs - Humira (adalimumab) biosimilars now available,,Yes
In which U.S. regions is Alzheimer's most prevalent?,,Yes
FDA Class I Recall: Stop using the Quidel Triage Cardiac Panel,,Yes
FDA greenlights new device to treat BPH,,Yes
"What's this pill? | July 20, 2023",,Yes
Advancements in feeding tube placement: NGPOD®,,Yes
Podcast Recap | Guidelines review: Management of severe traumatic brain injury,,Yes
Does a gun safety video affect children's behavior around guns?,,Yes
Dual antiplatelet therapy noninferior to alteplase in minor stroke,,Yes
New brand drug - Hadlima (adalimumab),,Yes
Vaginal estrogen may help prevent UTI in women with estrogen deficiency,,Yes
Historical redlining linked to worse CV outcomes among U.S. veterans,,Yes
"FDA: Don't use RoyalVibe Health, CellQuicken, or Well-Being Reality ultrasound medical devices",,Yes
Can you ace this airline medical emergencies quiz?,,Yes
Zebra of the Week: Synovial sarcoma,,Yes
Donanemab slows Alzheimer's progression in phase 3 trial,,Yes
Screen-and-treat for bacterial vaginosis: Does it prevent preterm births?,,Yes
Cognitively stimulating activities linked to lower dementia risk in later life,,Yes
"COCA Call: Thurs., July 20 - Review of malaria diagnosis and treatment in the U.S.",,Yes
New brand drug - Columvi (glofitamab),,Yes
"CDC: Cannabis-related ED visits increased in young adults, children during pandemic",,Yes
Remdesivir cleared for use in patients with severe renal impairment,,Yes
P2Y12 inhibitors superior to aspirin for secondary prevention in CAD,,Yes
AI helps accurately triage respiratory symptoms in primary care,,Yes
FDA approves new monoclonal antibody to prevent RSV in babies and toddlers,,Yes
New brand drug - Rystiggo (rozanolixizumab),,Yes
Do immunomodulators shorten COVID-19 pneumonia recovery time?,,Yes
Arizona EDs treat more heatstroke as temperatures hit record highs,,Yes
PPI use may shorten survival for some NSCLC patients on ICI therapy,,Yes
WHO expert agencies consider aspartame a 'possible' carcinogen,,Yes
Carpal tunnel syndrome linked to subsequent heart failure,,Yes
How football raises the risk for chronic traumatic encephalopathy,,Yes
ED visits for teenage girls spiked during pandemic,,Yes
How does maternal egg consumption after birth impact infant egg allergy risk?,,Yes
"NOxBOXi Nitric Oxide System recalled due to risk of gas leaks, therapy interruption",,Yes
Drug-Drug Interaction Quiz: Severe pancytopenia caused by drug interaction,,Yes
New oral cancer survival calculator highlights importance of coexisting conditions,,Yes
Time-restricted eating works as well as calorie counting for weight loss in patients with obesity,,Yes
Campaign aims to create world's largest library of diverse medical images,,Yes
CDC urges 'one-and-done' office visit for hep C testing,,Yes
"Hairdressing, construction among professions linked to ovarian cancer risk",,Yes
WHO: Ongoing avian influenza outbreaks in animals pose risk to humans,,Yes
"Lisa Marie Presley died from bowel obstruction, medical officials say",,Yes
Picture Quiz: A mottled belly,,Yes
Update: Paclitaxel-coated devices for PAD,,Yes
Meta-analysis weighs clinical outcomes of obesity drugs,,Yes
Kindergartener vaccination coverage lowest in last decade,,Yes
"What your patients are reading: Week of July 10, 2023",,Yes
New brand drug - Vyvgart Hytrulo (efgartigimod alfa/hyaluronidase),,Yes
USDA: Transmission of SARS-CoV-2 in free-ranging white-tailed deer in the U.S.,,Yes
New/Expanded indications - Abrilada (adalimumab),,Yes
FDA approves first OTC daily oral contraceptive,,Yes
Podcast Recap | Intention to Treat: Unleashing CRISPR on Cancer,,Yes
EPA proposes stricter limits on lead exposure in homes and child care facilities,,Yes
Study compares aortic aneurysm/dissection risk among fluoroquinolone and macrolide users,,Yes
Screening newborns for deadly immune disorder saves lives,,Yes
New brand drug - Vyjuvek (beremagene geperpavec topical),,Yes
Novel risk score may predict new-onset afib,,Yes
New brand drug - Miebo (perfluorohexyloctane ophthalmic),,Yes
Mask reuse has minimal impact on upper respiratory microbiome,,Yes
Can you identify the symptoms of primary amebic meningoencephalitis (PAM)?,,Yes
Liquid biopsy shows promise in identifying HPV-associated oropharyngeal cancer,,Yes
Zebra of the Week: Vestibular schwannoma,,Yes
More Americans living alone than ever before,,Yes
Is long-acting ART effective in patients with HIV viremia?,,Yes
New brand drug - Elfabrio (pegunigalsidase alfa),,Yes
Patients on rituximab at risk for severe disease from mosquito- and tickborne viruses,,Yes
New brand drug - Hyrimoz (adalimumab),,Yes
"Investigational three-month TB regimen is safe but ineffective, NIH study finds",,Yes
Investigational antiviral shows promise as hepatitis D treatment,,Yes
Pain relief in the ED: Acetaminophen vs. IV/IM NSAIDs or opioids,,Yes
Severe dengue rare among returning travelers,,Yes
340B Program Helps Diabetes Patient Make Ends Meet,,Yes
“Best Dental Care” for the Boyle Family,,Yes
Community resources ease health concerns for Yankton patient,,Yes
Why Should You Get The Flu Shot?,,Yes
Tips to Staying Well This Winter,,Yes
Diabetes Often Goes Undiagnosed,,Yes
"With School Started, It’s Time to Schedule Your Primary Care Visit",,Yes
Horizon telemedicine connects Burmese man with life-saving treatment,,Yes
Stress and Self-Care,,Yes
Horizon Clinic helps Myanmar family find treatment for 5-year-old son,,Yes
Creating a Heart Healthy Lifestyle,,Yes
Lexy Eggert Named Chief Development & Strategy Officer,,Yes
Common Health Questions,,Yes
Boost Mental Health In Your Life,,Yes
Health-Related Resolutions for the New Year,,Yes
Stay Healthy During the Flu Season,,Yes
5 Tips for Healthy Eating During the Holidays,,Yes
Changing kids’ lives – one book at a time,,Yes
Horizon Health Care breaks ground on new Lake Preston clinic,,Yes
Melissa Hofer Named Chief Financial Officer,,Yes
Horizon Health Care Names Wade Erickson as CEO,,Yes
Horizon Colorectal Screening Partnership for 2021,,Yes
"Horizon Health Care Announces Len Wonnenberg, PA-C, as 2020 Provider of the Year",,Yes
Horizon Health Care Announces Jessica Weber as 2020 Employee of the Year,,Yes
"Cindy Foss, RDH, Joins De Smet Dental Services",,Yes
"Kylie Beckman, RDH, Joins Prairie Winds Dental",,Yes
Horizon Health Care CEO Earns Regional Award,,Yes
"Teresa Marts, MD, and Alyssa Hicks, CNP, Join Mission Community Health Center",,Yes
Diabetes is Never Just You,,Yes
Horizon Health Care Announces Kendra Newbold as Chief Operations Officer,,Yes
"Jocelyn Bergh, PA-C, MPAS, Joins Martin Community Health Center",,Yes
"Mark Cali, MPAS, PA-C, Joins Martin Community Health Center",,Yes
"Curtis Collins, DDS, Joins Jerauld County Dental Clinic",,Yes
Horizon Health Care Announces Nurse Manager,,Yes
"Geoffrey Whitney, DMD, Joins Horizon Health Care",,Yes
"Katlyn Rostyne, CNP, Joins Woonsocket Community Health Center",,Yes
"Amanda Thoms, CNP, Joins Yankton Community Health Center and Dental Services",,Yes
"Kimberli Hastings, CNP, Joins Fort Thompson Community Health Center",,Yes
"Alexandra Bachman-Williams, PA-C, Joins Horizon Health Care",,Yes
"Cindy Foss, RDH, Joins Prairie Winds Dental",,Yes
"Horizon Health Care Announces Move to New Location in Yankton, Plans Care Options During Transition",,Yes
Northwestern Energy Gift to Horizon Health Foundation Sparks Hope During the Coronavirus Crisis,,Yes
Horizon Health Care Dental Clinics Initiate Phased Reopening,,Yes
Behavioral Health with TeleHome During Mental Health Awareness Month,,Yes
"Terry Weaver, MD, Joins Jerauld County Community Health Center",,Yes
"Horizon Health Care Continues, Expands Appointment Options During COVID-19 Pandemic",,Yes
Generous Donation from Dr. Tom and Kathy Dean Will Keep Rural Medicine Alive and Thriving,,Yes
How to Help During COVID-19 Pandemic,,Yes
New Clinic Safety Precautions & Restrictions Regarding COVID-19,,Yes
A Journey to Wellness for Say Wah,,Yes
Colorectal Screening Partnership,,Yes
A Journey to Wellness for Dave Hodges,,Yes
Our Telemedicine Services Receive Funding from SD Telecommunication Companies and USDA Grant,,Yes
Dental Health Care for Rural Communities in South Dakota,,Yes
"Haley Brunke, PA-C, Joins Mission Community Health Center",,Yes
Patient Miracles and What it Means to Have Health Care Close to Home,,Yes
De Smet Dental Services Welcomes Outreach Students,,Yes
Prairie Winds Dental Welcomes Outreach Students,,Yes
Jerauld County Dental Clinic Welcomes Outreach Students,,Yes
"Cassandra Aesoph, CNP, Joins Aberdeen Community Health Center",,Yes
"Danny Wolfgram, MD, Joins Aberdeen Community Health Center",,Yes
Horizon Health Care Recognized as Health Center Quality Leader,,Yes
Prairie Winds Dental Welcomes Outreach Students,,Yes
Jerauld County Dental Clinic Welcomes Outreach Student,,Yes
"Darcie Schmidt, CNP, FNP-BC, Joins Jerauld County Community Health Center",,Yes
"Madeline Pfeiffer, DDS, Joins Prairie Winds Dental",,Yes
Prairie Winds Dental Clinic Welcomes Outreach Students,,Yes
The Importance of Vaccines and Your Health,,Yes
"Marissa Schelske, RDH, Joins Horizon Health Care, Inc.",,Yes
"Diane Inch, PA-C, Joins Martin Community Health Center",,Yes
Lyle’s Story,,Yes
"Ryan Rowe, CNP, Joins Mission Community Health Center",,Yes
"Catherine Friesen, CNP, Joins Aberdeen Community Health Center",,Yes
"Theresa Hammerquist, CNP, Joins Martin Community Health Center",,Yes
Horizon Health Beat: Bug Bites,,Yes
Prairie Winds Dental Clinic Welcomes Outreach Student,,Yes
March is Colorectal Cancer Awareness Month,,Yes
"Barbara De Witt, CNP, Joins Yankton Community Health Center and Dental Services",,Yes
Horizon Health Care to Provide Free Dental Exams to Children in February 2018,,Yes
"Horizon Health Care Employee Giving Campaign raises over $41,000",,Yes
"Tia Chase, PA-C, Joins Jerauld County Community Health Center",,Yes
"Margaret Lee, PA-C, Joins Martin Community Health Center",,Yes
Horizon Receives Grant to Improve Rates of Cancer Screening,,Yes
"Randall Law, PA-C, Joins Aberdeen Community Health Center",,Yes
"Courtney Carmichael, PA-C, Joins Martin Community Health Center",,Yes
"Melissa Davis, CNP, Named 2017 Horizon Provider of the Year",,Yes
Prairie Winds Dental Welcomes Outreach Students,,Yes
Jerauld County Dental Clinic Welcomes Outreach Students,,Yes
"Horizon Health Care, Inc. Recognized as Health Center Quality Leader",,Yes
"Dr. Hilary Haley, DDS, Joins Horizon Health Care, Inc.",,Yes
Prairie Winds Dental Clinic Welcomes Outreach Students,,Yes
"Melissa Nehl, CNP, DNP, APRN, Joins Horizon Health Care, Inc.",,Yes
"Michael Peña, MD, Joins Horizon Health Care, Inc.",,Yes
"Jennalee Olsen, CNP, Joins Aurora County Community Health Center",,Yes
"Leah Bennett, PA-C, Joins Aberdeen Community Health Center",,Yes
"Jamie Kern Kohler, DDS, Joins Prairie Winds Dental",,Yes
"Ashley Edelburg, DMD, Joins Martin Dental Clinic",,Yes
"Bryce Wilen, DDS, Joins Faith Dental Clinic",,Yes
"Jennifer Franke, CNP, Joins Martin Community Health Center",,Yes
"Horizon Health Care, Inc. and allPOINTS Health Services Merger Final",,Yes
"Horizon Health Care, Inc. and allPOINTS Health Services Merger on track for June 1, 2017",,Yes
Horizon Health Care Employees Honored for Contributions to First Employee Giving Campaign,,Yes
"HOPE $20,000 Match Challenge Raises Nearly $13,000 for South Dakota Patients",,Yes
"Autumn Tucker, CNP, Joins Mission Community Health Center",,Yes
Howard Farmers Co-op Invests in Colorectal Cancer Prevention for Rural South Dakotans,,Yes
"Kristin VanBuskirk, CNP, Joins James Valley Community Health Center",,Yes
"Tony Berg, MD, Joins Southwest Region Clinics",,Yes
"Horizon Health Foundation Announces HOPE $20,000 Match Challenge to Support South Dakota Patients",,Yes
"Horizon Health Care, Inc. and allPOINTS Health Services to Merge",,Yes
John Mengenhausen Named Recipient of 2016 CHAMPS Presidential Award,,Yes
Howard Community Health Center to Collect Outer Wear for Children,,Yes
Richard “Dick” Bair Named Recipient of Exceptional Board Leadership Award,,Yes
"Misty Rudebusch, PA-C, and Avera Medical Team to Join Howard Community Health Center",,Yes
"Dannica Callies, DNP, NP Named Horizon Health Care Provider of the Year",,Yes
Fort Thompson Community Health Center Celebrates One Year Anniversary,,Yes
Construction in Progress for Horizon Health Care’s New Faith Dental Clinic,,Yes
"Karley Fischer, PA-C Joins De Smet Community Health Center",,Yes
"Horizon Health Care, Inc. Receives Nearly $60,000 for Quality Improvement Efforts",,Yes
"Donna Linke, CNP, MSN, Joins Horizon Health Care, Inc.",,Yes
Horizon Receives Grant to Improve Rates of Breast and Cervical Cancer Screening in Target Communities,,Yes
"Brady Weispfennig, DDS Joins De Smet Dental Clinic",,Yes
June is National Men’s Health Month,,Yes
"Horizon Health Care, Inc. to Expand Oral Health Services in Faith, SD",,Yes
"Francoise Bansenga, FNP-BC, Joins Martin Community Health Center",,Yes
Aurora County Dental Clinic to Open in August; Now Accepting Appointments,,Yes
