Diseases,Symptoms,Disease_Present
Signs and symptoms,set(),1
Respiratory disease,set(),1
Disease,set(),1
Streptococcus pneumoniae (redirect from Pneumococcal disease),set(),1
ALS (redirect from Motor symptoms),set(),1
Waterborne diseases,set(),1
Symptoms of COVID-19,set(),1
Motor neuron diseases,set(),1
Lyme disease,set(),1
Signs and symptoms of Parkinson's disease,set(),1
Sexually transmitted infection (redirect from Sexually transmitted diseases and infections),set(),1
"Hand, foot, and mouth disease",set(),1
Alzheimer's disease,set(),1
Variant Creutzfeldt–Jakob disease,set(),1
Neurological disorder (redirect from Neurological symptoms),set(),1
Kawasaki disease,set(),1
Huntington's disease,set(),1
Four Big Pollution Diseases of Japan,set(),1
Addison's disease,set(),1
Sarcoidosis (redirect from Besnier-Boeck-Schaumann disease),set(),1
Gastrointestinal disease,set(),1
Chronic Lyme disease,set(),1
Central nervous system disease,set(),1
Kuru (disease),set(),1
Asymptomatic (redirect from Subclinical symptoms),set(),1
Crohn's disease,set(),1
Cancer signs and symptoms,set(),1
Cerebrovascular disease,set(),1
Rabies (redirect from Symptoms of rabies),set(),1
Stomach disease,set(),1
COVID-19 (redirect from 2019-nCoV Acute Respiratory Disease),set(),1
Roseola (redirect from Sixth disease),set(),1
Infectious mononucleosis (redirect from Pfeiffer's disease),set(),1
Dementia with Lewy bodies (redirect from Diffuse Lewy body disease),set(),1
Wilson's disease,set(),1
Castleman disease,set(),1
Giardiasis (redirect from Hiker's Disease),set(),1
Ménière's disease,set(),1
Demyelinating disease,set(),1
Scabies (category Tropical diseases),set(),1
Lupus (redirect from Lupus and the brain),set(),1
Nail disease,set(),1
Signs and symptoms of Graves' disease,set(),1
Chagas disease,set(),1
Dengue fever (redirect from Dengue symptoms and prevention),set(),1
Influenza (redirect from Symptoms of influenza),set(),1
Cellulitis (category Equine injury and lameness),set(),1
Fatal insomnia (category Rare diseases),set(),1
Graves' disease,set(),1
Restless legs syndrome (redirect from Ekbom Disease),set(),1
Creutzfeldt–Jakob disease,set(),1
Dysautonomia (redirect from Dysautonomia (does not have to be familial) (Autonomic Nervous System Diseases)),set(),1
Genital herpes (category Sexually transmitted diseases and infections),set(),1
Dementia (redirect from Behavioral and psychological symptoms of dementia),set(),1
Common cold (redirect from Cold (disease)),set(),1
Extrapyramidal symptoms,set(),1
Neglected tropical diseases,set(),1
Signs and symptoms of HIV/AIDS,set(),1
Multiple sclerosis (category Epstein–Barr virus–associated diseases),set(),1
Prodrome (redirect from Prodromal symptoms),set(),1
Coeliac disease,set(),1
Neuroborreliosis (redirect from Neurologic lyme disease),set(),1
Gastroesophageal reflux disease,set(),1
Hashimoto's thyroiditis (redirect from Hashimoto's disease),set(),1
Fungal infection (redirect from Fungal disease),set(),1
Neurosyphilis (category Sexually transmitted diseases and infections),set(),1
Pulmonary fibrosis (redirect from Fibrotic lung disease),set(),1
Ulcerative colitis (category Autoimmune diseases),set(),1
Irritable bowel syndrome (redirect from Irritable Bowel Disease),set(),1
Chronic fatigue syndrome (redirect from Children and ME),set(),1
Urbach–Wiethe disease,set(),1
Buteyko method,set(),1
Polio (redirect from Heine-Medin disease),set(),1
Infection (redirect from Infectious diseases),set(),1
Wernicke encephalopathy (redirect from Wernicke's Disease),set(),1
Asthma (redirect from Signs and symptoms of asthma),set(),1
Tick-borne disease,set(),1
Indigestion (category Digestive disease symptoms),set(),1
Frontotemporal dementia (redirect from Pick's disease),set(),1
Non-celiac gluten sensitivity (section Signs and symptoms),set(),1
Spinal stenosis (redirect from Spinal Stenosis information and treatments),set(),1
Bayesian network (section Inference and learning),set(),1
Cat-scratch disease,set(),1
List of diseases spread by invertebrates,set(),1
Somatic symptom disorder,set(),1
Legionnaires' disease,set(),1
Gerstmann–Sträussler–Scheinker syndrome (redirect from Gertsmann-Sträussler-Scheinker Disease),set(),1
Chronic obstructive pulmonary disease,set(),1
Peripheral neuropathy (redirect from Peripheral nervous system diseases),set(),1
Minamata disease,set(),1
Adenovirus infection (section Signs and symptoms),set(),1
"Female hysteria (section Middle Ages, Renaissance, and the early modern period)",set(),1
Strongyloidiasis (category Tropical diseases),set(),1
Inflammatory bowel disease,set(),1
Peptic ulcer disease,set(),1
Menopause (redirect from Menopausal symptoms),set(),1
Coronary artery disease,set(),1
Psychogenic disease,set(),1
Functional neurologic disorder (redirect from Functional Neurological Symptom Disorder),set(),1
Mitochondrial disease,set(),1
Diseases Database,set(),1
Leptospirosis (redirect from Weil's disease),set(),1
Trichomoniasis (category Protozoal diseases),set(),1
Foodborne illness (redirect from Food-borne diseases),set(),1
Hypoglycemia (section Signs and symptoms),set(),1
Charcot–Marie–Tooth disease,set(),1
Pilonidal disease,set(),1
Symptomatic treatment,set(),1
Kidney failure (redirect from End stage renal disease),set(),1
Botulism (redirect from Qapqal disease),set(),1
List of dog diseases,set(),1
Porphyria (redirect from The Vampire Disease),set(),1
Spondylosis (section Signs and symptoms),set(),1
Polycystic ovary syndrome (redirect from Polycystic ovarian disease),set(),1
Prostate (redirect from Prostate symptoms),set(),1
Incubation period (redirect from Infectious disease incubation period),set(),1
Glycogen storage disease,set(),1
West Nile fever (redirect from West Nile disease),set(),1
Schizophrenia (redirect from Schizophrenia: Symptoms),set(),1
Fusarium wilt (category Fungal plant pathogens and diseases),set(),1
Cirrhosis (redirect from End-stage liver disease),set(),1
Long COVID (section Signs and symptoms),set(),1
Lafora disease,set(),1
Malignancy (redirect from Malignant disease),set(),1
Mixed connective tissue disease,set(),1
Hypochondriasis (category Somatic symptom disorders),set(),1
Chronic inflammatory demyelinating polyneuropathy (redirect from Combined central and peripheral demyelination),set(),1
Dehydration (redirect from Symptoms of dehydration),set(),1
Breast disease,set(),1
Leaf spot (redirect from Leaf spot disease),set(),1
B symptoms,set(),1
Gastritis (section Signs and symptoms),set(),1
Whipple's disease,set(),1
Osgood–Schlatter disease,set(),1
Elephantiasis (category Symptoms and signs: Skin and subcutaneous tissue),set(),1
Interstitial lung disease,set(),1
Polymyalgia rheumatica (section Signs and symptoms),set(),1
Medical diagnosis (section Society and culture),set(),1
Hemorrhoid (redirect from Hemorrhoid disease),set(),1
Blastomycosis (redirect from Gilchrist's disease),set(),1
Thyroid disease,set(),1
Bovine spongiform encephalopathy (redirect from Mad cow disease),set(),1
Fish disease and parasites,set(),1
Hypertension (redirect from Signs and symptoms of hypertension),set(),1
Cold agglutinin disease,set(),1
Remission (medicine) (category Disease stubs),set(),1
Stomach rumble (category Symptoms and signs: Digestive system and abdomen),set(),1
Conversion disorder (category Somatic symptom disorders),set(),1
Ankylosing spondylitis (redirect from Marie-Strümpell disease),set(),1
Chronic traumatic encephalopathy (redirect from Signs and symptoms of chronic traumatic encephalopathy),set(),1
Stiff-person syndrome (redirect from Progressive encephalomyelitis with rigidity and myoclonus),set(),1
Whooping cough (category Bacterial diseases),set(),1
List of medical symptoms,set(),1
Psychoorganic syndrome (section Symptoms),set(),1
Tuberous sclerosis (redirect from Bourneville-Pringle disease),set(),1
Behçet's disease,set(),1
Tuberculosis (redirect from Consumption (disease)),set(),1
Parkinsonism (redirect from Parkinson's disease mimics),set(),1
Pelvic inflammatory disease,set(),1
Fibromyalgia (section Signs and symptoms),set(),1
Bronchitis (category Chronic lower respiratory diseases),set(),1
Scombroid food poisoning (category Fish diseases),set(),1
Sweating sickness (category Disease outbreaks in England),set(),1
Sjögren syndrome (redirect from Sjogren's disease),set(),1
List of eponymous diseases,set(),1
Syndrome (redirect from Withrawal symptoms),set(),1
Sinusitis (section Signs and symptoms),set(),1
Metabolic disorder (redirect from Metabolic diseases),set(),1
Polyneuropathy in dogs and cats,set(),1
Common variable immunodeficiency (category Genetic diseases and disorders),set(),1
Cardiomyopathy (section Signs and symptoms),set(),1
Peripheral artery disease,set(),1
Oak wilt (category Fungal tree pathogens and diseases),set(),1
Hyperthyroidism (category Cat diseases),set(),1
"Cerebellar ataxia, neuropathy, vestibular areflexia syndrome (section Signs and symptoms)",set(),1
Schistosomiasis (redirect from Schistosomiasis (skin symptoms)),set(),1
Chronic liver disease,set(),1
Parkinson's disease dementia,set(),1
Hunter syndrome (redirect from Hunter's disease),set(),1
Atherosclerosis (redirect from Homogenized Milk and Atherosclerosis),set(),1
Fifth disease,set(),1
Giant cell arteritis (redirect from Horton's disease),set(),1
Nicotine withdrawal (section Signs and symptoms),set(),1
Mosquito-borne disease,set(),1
Sugarcane grassy shoot disease,set(),1
Somatization disorder (category Somatic symptom disorders),set(),1
Ebola (redirect from Ebola virus disease),set(),1
Syphilis (redirect from Syphilis disease),set(),1
Lifestyle disease,set(),1
Lupus erythematosus (redirect from Cazenave's disease),set(),1
Depression (mood) (redirect from Symptoms of depression),set(),1
Urinary tract infection (redirect from Honeymoon disease),set(),1
Pneumonia (category Coronavirus-associated diseases),set(),1
Bronchiectasis (category Chronic lower respiratory diseases),set(),1
Streptococcal pharyngitis (section Signs and symptoms),set(),1
Medical students' disease,set(),1
Chronic kidney disease,set(),1
HIV/AIDS (redirect from Aids Symptoms),set(),1
Hirschsprung's disease,set(),1
Hypothyroidism (category Endocrine diseases),set(),1
Reactive arthritis (redirect from Reiter's disease),set(),1
Cardiovascular disease in women,set(),1
Lymphatic disease,set(),1
Diarrhea (redirect from Diarrheal diseases),set(),1
Encephalitis lethargica (redirect from Economo's disease),set(),1
Sanfilippo syndrome (redirect from San filippo disease),set(),1
Typhus (redirect from Typhus (disease)),set(),1
Chlamydia (category Sexually transmitted diseases and infections),set(),1
Nipah virus infection (category Chiroptera-borne diseases),set(),1
Congenital syphilis (section Signs and symptoms),set(),1
Genetic disorder (redirect from Hereditary diseases),set(),1
Rheumatoid arthritis (category Connective tissue diseases),set(),1
Raynaud syndrome (redirect from Raynaud's disease and Raynaud's phenomenon),set(),1
Scurvy (redirect from Wort and rob),set(),1
Lewy body dementias (redirect from Sociological and cultural aspects of Lewy body dementia),set(),1
Asymptomatic carrier (category Infectious diseases),set(),1
Immune reconstitution inflammatory syndrome (section Signs and symptoms),set(),1
Bornholm disease,set(),1
Vascular disease,set(),1
Gaucher's disease,set(),1
Aspirin-exacerbated respiratory disease,set(),1
Gastroenteritis (category Infectious diseases),set(),1
Autoimmune skin diseases in dogs,set(),1
Pogosta disease,set(),1
Globalization and disease,set(),1
Hypertrophic cardiomyopathy (redirect from Spike and dome pulse),set(),1
Non-Hodgkin lymphoma (redirect from Non-Hodgkin's disease),set(),1
Spinal disease,set(),1
Stroke (redirect from Signs and symptoms of stroke),set(),1
Hereditary spastic paraplegia (redirect from Strumpell-lorrain disease),set(),1
Carpal tunnel syndrome (section Symptoms),set(),1
Bright's disease,set(),1
Dermatomyositis (redirect from Malignant disease with dermatomyositis),set(),1
Dumping syndrome (section Signs and symptoms),set(),1
Pyelonephritis (category Kidney diseases),set(),1
Alice in Wonderland syndrome (category Symptoms and signs of mental disorders),set(),1
Nasal polyp (section Signs and symptoms),set(),1
Constipation (category Digestive disease symptoms),set(),1
Signs and symptoms of pregnancy,set(),1
Argas persicus (section Disease and Symptoms),set(),1
Acute exacerbation of chronic obstructive pulmonary disease,set(),1
Valvular heart disease,set(),1
Gonorrhea (section Signs and symptoms),set(),1
Sporotrichosis (redirect from Rose gardener's disease),set(),1
Amoebiasis (category Intestinal infectious diseases),set(),1
Gallstone (redirect from Gallstone disease),set(),1
Heartburn (category Symptoms and signs: Digestive system and abdomen),set(),1
Rare disease,set(),1
Myalgia (category Symptoms and signs: Nervous and musculoskeletal systems),set(),1
Batten disease,set(),1
African tick bite fever (section Signs and symptoms),set(),1
Aura (symptom),set(),1
Trichinosis (redirect from Trichine disease),set(),1
Vaginitis (redirect from Circinate (Reiter's disease) vulvovaginitis),set(),1
Gastric acid (section Role in disease),set(),1
Milk borne diseases,set(),1
Meningitis (category Wikipedia infectious disease articles ready to translate),set(),1
Gangrene (redirect from Gang green disease),set(),1
Rectal discharge (category Symptoms and signs: Digestive system and abdomen),set(),1
Transverse myelitis (category Autoimmune diseases),set(),1
Attention deficit hyperactivity disorder (redirect from Disturbance of activity and attention),set(),1
Drug withdrawal (redirect from Withdrawal symptoms),set(),1
Black pod disease,set(),1
Upper respiratory tract infection (category Infectious diseases),set(),1
Endotype (redirect from Disease entity),set(),1
Abscess (section Signs and symptoms),set(),1
Hematochezia,set(),1
Thyrotoxic myopathy (category Myoneural junction and neuromuscular diseases),set(),1
Lymphoma (section Signs and symptoms),set(),1
Laryngitis (section Signs and symptoms),set(),1
Management of Parkinson's disease,set(),1
Rash (category Symptoms and signs: Skin and subcutaneous tissue),set(),1
Hurler syndrome (redirect from Hurler's disease),set(),1
Conjunctivitis (section Signs and symptoms),set(),1
Tay–Sachs disease,set(),1
Alexander disease,set(),1
Scleroderma (category Autoimmune diseases),set(),1
Appendicitis (category Diseases of appendix),set(),1
Endocrinology (redirect from Endocrinal diseases),set(),1
Urethritis (redirect from Urogenital symptoms),set(),1
Abdominal distension (category Symptoms and signs: Digestive system and abdomen),set(),1
Corticobasal degeneration (category Rare diseases),set(),1
"Blepharitis (category Disorders of eyelid, lacrimal system and orbit)",set(),1
Encephalitis (category Infectious diseases),set(),1
Arthritis (category Aging-associated diseases),set(),1
Myocarditis (category Chronic rheumatic heart diseases),set(),1
Chronic wasting disease,set(),1
Genital wart (category Papillomavirus-associated diseases),set(),1
Sickle cell disease,set(),1
Lemierre's syndrome (redirect from Lemierre's disease),set(),1
Krabbe disease,set(),1
Progressive supranuclear palsy (redirect from Steele-Richardson-Olszewski disease),set(),1
Gluten-free diet (section Coeliac disease),set(),1
Chikungunya (redirect from Chikungunya viral disease),set(),1
Colitis (category Noninfective enteritis and colitis),set(),1
Rocky Mountain spotted fever (redirect from Blue disease),set(),1
Neurogenic bladder dysfunction (section Signs and symptoms),set(),1
Cushing's disease,set(),1
Postorgasmic illness syndrome (category Autoimmune diseases),set(),1
Dropsy in fish (redirect from Dropsy (fish disease)),set(),1
"Amplified musculoskeletal pain syndrome (category Nerve, nerve root and plexus disorders)",set(),1
Tetanus (redirect from Tetanus disease),set(),1
Neurocysticercosis (category Parasitic diseases associated with beef and pork consumption),set(),1
Myositis,set(),1
Candidiasis (redirect from Thrush (disease)),set(),1
Thrombotic thrombocytopenic purpura (redirect from Moschcowitz disease),set(),1
Latent period (epidemiology) (category Infectious diseases),set(),1
Asperger syndrome (redirect from Aspergers symptoms),set(),1
"Gastroparesis (category Diseases of oesophagus, stomach and duodenum)",set(),1
Pharyngitis (category Infectious diseases),set(),1
Fabry disease,set(),1
Sheehan's syndrome (redirect from Simmond's Disease),set(),1
Hernia (section Signs and symptoms),set(),1
Hiatal hernia (section Signs and symptoms),set(),1
Natural history of disease,set(),1
Posterior reversible encephalopathy syndrome (section Signs and symptoms),set(),1
Verticillium dry bubble (section Host range and symptoms),set(),1
Dercum's disease,set(),1
Bell's palsy (section Signs and symptoms),set(),1
Lactose intolerance (redirect from Lactase persistence vs. lactose intolerance and deficiencies),set(),1
Anorexia (symptom),set(),1
Impetigo (section Signs and symptoms),set(),1
Plague (disease),set(),1
Psychosis (section Signs and symptoms),set(),1
Psoriasis (redirect from Early onset and severe psoriasis),set(),1
Maple syrup urine disease,set(),1
Paresthesia (redirect from Pins and needles),set(),1
Major depressive disorder (redirect from Depression symptoms),set(),1
West Nile virus (section Disease),set(),1
Anticipation (genetics) (section Examples of diseases showing anticipation),set(),1
Paratyphoid fever (category Intestinal infectious diseases),set(),1
Volvulus (category Diseases of intestines),set(),1
Salmeterol (section Pregnancy and lactation),set(),1
Polycystic kidney disease,set(),1
Degenerative disease,set(),1
Anaphylaxis (category Respiratory diseases),set(),1
Amyloidosis (redirect from Abercrombie's disease),set(),1
ICD-11 (redirect from ICD-11 MMS Chapter 1: Certain infectious or parasitic diseases),set(),1
Haemophilia B (redirect from Christmas disease),set(),1
Alternaria solani (category Fungal plant pathogens and diseases),set(),1
Chronic mucocutaneous candidiasis (section Signs and symptoms),set(),1
Atypical pneumonia (section Signs and symptoms),set(),1
Gastroenterology (section Disease classification),set(),1
Endometriosis (section Signs and symptoms),set(),1
CREST syndrome (category Connective tissue diseases),set(),1
Toxic shock syndrome (redirect from Tampon disease),set(),1
Pellagra (category Wikipedia infectious disease articles ready to translate),set(),1
Exacerbation (category Symptoms),set(),1
Blood in stool,set(),1
Nosology (section Extended nosology and general medical conditions),set(),1
Pleurisy (category Symptoms and signs: Respiratory system),set(),1
Schamberg disease,set(),1
Dermatitis herpetiformis (redirect from Duhring disease),set(),1
Benign fasciculation syndrome (section Signs and symptoms),set(),1
International Lyme and Associated Diseases Society,set(),1
Trinucleotide repeat disorder (redirect from Trinucleotide repeat expansion diseases),set(),1
Hepatitis A (category Vaccine-preventable diseases),set(),1
Witch's broom (category Plant pathogens and diseases),set(),1
Gallbladder disease,set(),1
Acromegaly (section Signs and symptoms),set(),1
Dysthymia (section Signs and symptoms),set(),1
Heart failure (redirect from Congestive heart disease),set(),1
Rheumatic fever (redirect from Rheumatic Heart Disease),set(),1
Chest pain (section Signs and symptoms),set(),1
Neurasthenia (section Symptoms),set(),1
Palpitations (category Symptoms and signs: Circulatory system),set(),1
Impacted wisdom teeth (section Signs and symptoms),set(),1
Pogona (section Metabolic bone disease),set(),1
Cryoglobulinemia (category Hepatitis C virus-associated diseases),set(),1
Mumps (category Vaccine-preventable diseases),set(),1
Pancreatic cancer (section Signs and symptoms),set(),1
Gilbert's syndrome (redirect from Gilberts disease),set(),1
Lysosomal storage disease,set(),1
Marburg virus disease,set(),1
"FODMAP (redirect from Fermentable Oligo-, Di-, Monosaccharides And Polyols)",set(),1
Autoimmune urticaria (category Autoimmune diseases),set(),1
De Quervain syndrome (redirect from De Quervain's disease),set(),1
Oculocutaneous albinism type I (section Signs and symptoms),set(),1
Vaginal yeast infection (category Inflammatory diseases of female pelvic organs),set(),1
Idiopathic multicentric Castleman disease,set(),1
Darier's disease,set(),1
Autoinflammatory diseases,set(),1
Myoclonic dystonia (category Extrapyramidal and movement disorders),set(),1
Fatty liver disease,set(),1
Herpes gladiatorum (redirect from Wrestling and herpes),set(),1
International Classification of Diseases,set(),1
Carol Jennings (category Alzheimer's disease activists),set(),1
Small fiber peripheral neuropathy (section Signs and symptoms),set(),1
Pernicious anemia (redirect from Biermer disease),set(),1
Bird fancier's lung (section Signs and symptoms),set(),1
Spinal and bulbar muscular atrophy,set(),1
Inborn errors of metabolism (redirect from Metabolic Diseases),set(),1
Central nervous system viral disease,set(),1
Diabetes (redirect from Symptoms of diabetes),set(),1
Trigger finger (category Disorders of synovium and tendon),set(),1
Brachydactyly (redirect from Brachymesophalangy II and V),set(),1
Thalassemia (category Disorders of globin and globulin proteins),set(),1
Tick infestation (category Tick-borne diseases),set(),1
Influenza-like illness (redirect from Flu like symptoms),set(),1
IgA nephropathy (redirect from Berger's disease),set(),1
Undifferentiated connective tissue disease,set(),1
Chickenpox (category Vaccine-preventable diseases),set(),1
Thiamine deficiency (section Signs and symptoms),set(),1
Organic personality disorder (section Signs and symptoms),set(),1
Infectious diseases (medical specialty),set(),1
Asbestosis (redirect from Asbestos lung disease),set(),1
Somatosensory amplification (category Somatic symptom disorders),set(),1
Allergic rhinitis (section Signs and symptoms),set(),1
Tennis elbow (section Signs and symptoms),set(),1
Lymphatic filariasis (category Wikipedia infectious disease articles ready to translate),set(),1
Hereditary neuropathy with liability to pressure palsy (section Signs and symptoms),set(),1
Jembrana disease,set(),1
Post-concussion syndrome (redirect from Post-concussion symptoms),set(),1
Granulomatosis with polyangiitis (redirect from Wegener's disease),set(),1
Gluten (section Celiac disease),set(),1
Atopic dermatitis (section Signs and symptoms),set(),1
Multiple myeloma (redirect from Kahler's disease),set(),1
Vasculitis (redirect from Gougerot Ruiter disease),set(),1
Anemia (section Signs and symptoms),set(),1
Anxiety disorder (section Perception and Discrimination),set(),1
Mpox (category Animal viral diseases),set(),1
Ataxia–telangiectasia (category DNA replication and repair-deficiency disorders),set(),1
Niemann–Pick disease,set(),1
Altitude sickness (redirect from Altitude Diseases),set(),1
Drug rash with eosinophilia and systemic symptoms,set(),1
Leprosy (redirect from Societal and cultural aspects of leprosy),set(),1
Enteritis (category Intestinal infectious diseases),set(),1
Major depressive episode (redirect from Severe depressive episode without psychotic symptoms),set(),1
Ascariasis (category Tropical diseases),set(),1
Foot-and-mouth disease,set(),1
Bipolar disorder (redirect from Bipolar affective disease),set(),1
Ziehl–Neelsen stain,set(),1
Shingles (category Viral diseases),set(),1
Interstitial cystitis (section Signs and symptoms),set(),1
Neuro-Behçet's disease,set(),1
Protein toxicity (category Symptoms and signs),set(),1
Reactive airway disease,set(),1
Transmissible spongiform encephalopathy,set(),1
Liver disease,set(),1
Pneumothorax (section Signs and symptoms),set(),1
Chronic condition (redirect from Chronic diseases),set(),1
Medical encyclopedia,set(),1
Fever (category Symptoms and signs),set(),1
Paraneoplastic syndrome (redirect from Paraneoplastic disease),set(),1
Multiple sclerosis signs and symptoms,set(),1
Cardiovascular disease,set(),1
List of pests and diseases of roses,set(),1
Machado–Joseph disease,set(),1
Morvan's syndrome (redirect from Morvan's disease),set(),1
Disabilities affecting intellectual abilities (section Neurodegenerative diseases),set(),1
Babesiosis (redirect from Red water disease),set(),1
Granulomatous amoebic encephalitis (category Waterborne diseases),set(),1
White dot syndromes (category Eye diseases),set(),1
Osteoarthritis (redirect from Degenerative joint disease),set(),1
Epididymitis (section Signs and symptoms),set(),1
Peritonsillar abscess (category Bacterial diseases),set(),1
Chilblains (category Foot diseases),set(),1
List of sugarcane diseases,set(),1
Laryngopharyngeal reflux (redirect from Laryngopharyngeal reflux disease),set(),1
Iridovirus dwarf gourami disease,set(),1
Mitochondrial DNA depletion syndrome (redirect from Alpers' disease),set(),1
Somatic Symptom Scale - 8,set(),1
"ICD-10 (redirect from ICD-10 Chapter H: Diseases of the eye, adnexa, ear, and mastoid process)",set(),1
Inclusion body myositis (section Signs and symptoms),set(),1
Coxsackie A virus (redirect from Coxsackie disease),set(),1
Coxsackie B4 virus (section Symptoms),set(),1
Craniocervical instability (category Human diseases and disorders),set(),1
Angor animi (redirect from Gairdner's disease),set(),1
Thorax,set(),1
Acute bronchitis (section Signs and symptoms),set(),1
Coccidioidomycosis (redirect from California disease),set(),1
Factitious disorder imposed on self (redirect from Fake disease),set(),1
Bed bug (section Society and culture),set(),1
Dhat syndrome (section Signs and symptoms),set(),1
Goodpasture syndrome (redirect from Goodpasture's disease),set(),1
Degenerative disc disease,set(),1
Patent medicine (section Patent medicines and advertising),set(),1
Pityriasis rosea (redirect from Gibert's disease),set(),1
Spinocerebellar ataxia (category Rare diseases),set(),1
Dyshidrosis (redirect from Chronic vesicular eczema of hands and feet),set(),1
Allopathic medicine,set(),1
Urologic disease,set(),1
Hyperemesis gravidarum (section Signs and symptoms),set(),1
Hypophosphatasia (category Rare diseases),set(),1
Weakness (category Symptoms and signs: Nervous system),set(),1
Lymphogranuloma venereum (redirect from Durand–Nicolas–Favre disease),set(),1
Coccidiosis (category Parasitic diseases),set(),1
Sever's disease,set(),1
Moyamoya disease,set(),1
Dry eye syndrome (redirect from Dry eye disease),set(),1
Ehrlichiosis (category Tick-borne diseases),set(),1
Canine distemper (category Dog diseases),set(),1
Osteomyelitis (category Bacterial diseases),set(),1
African trypanosomiasis (category Insect-borne diseases),set(),1
Ichthyosis (category Rare diseases),set(),1
Nephrotic syndrome (category Kidney diseases),set(),1
Jumping Frenchmen of Maine (section Signs and symptoms),set(),1
Adjustment disorder (section Signs and symptoms),set(),1
Study uncovers potential mechanism for increased fracture risk among PPI users,set(),1
Can consumers trust the health claims made on fish oil supplement labels?,set(),1
AAP warns against keto diet for children with diabetes,set(),1
European Respiratory Society: Doctors use patients' own lung cells to repair COPD damage,set(),1
What is the impact of vaccination after long COVID?,set(),1
Podcast Recap | AMA Update: Getting rid of stupid stuff to make your private practice more efficient,set(),1
FDA issues statement clarifying advisory committee findings on oral phenylephrine,set(),1
New AI tools help clinicians screen for mental health conditions,set(),1
NIH clinical trial of universal flu vaccine candidate begins,set(),1
"As more patients email doctors, health systems start charging fees",set(),1
Temozolamide indications updated under FDA's Project Renewal program,set(),1
Test your knowledge: COVID-19 vaccines for patients with recent SARS-CoV-2 infection,set(),1
Zebra of the Week: Huntington disease,set(),1
"Staying up late tied to unhealthy lifestyle, diabetes risk",set(),1
Study finds link between haloperidol use and risk of rheumatoid arthritis,set(),1
Does IV ferric carboxymaltose improve outcomes in patients with HF and iron deficiency?,set(),1
Suspected Legionella transmission from donor to two lung transplant recipients,set(),1
"One oral HIV PrEP regimen linked to higher risk of hypertension, statin use",set(),1
High levels of particulate air pollution associated with increased breast cancer incidence,set(),1
"COCA Call: Thurs., Sept. 21 - Diagnosing mycoses blastomycosis, coccidioidomycosis, and histoplasmosis",set(),1
Abortion bans fuel rise in high-risk patients heading to Illinois hospitals,set(),1
AHA: Cold weather may pose challenges to treating high blood pressure,set(),1
Ovarian cancer: NICE recommends expanding availability of genetic testing,set(),1
,set(),0
Curcumin and omeprazole compared in functional dyspepsia patients,set(),1
Antihypertensive use tied to reduced dementia risk in late life,set(),1
Does SSRI use during pregnancy affect a child’s brain development?,set(),1
"National Physician Suicide Awareness Day: Sunday, Sept. 17",set(),1
Being breastfed as an infant tied to increased colorectal cancer risk,set(),1
"Your COVID update for September 15, 2023",set(),1
New brand drug - Eylea HD (aflibercept intravitreal),set(),1
"Picture Quiz: A lumpy, red ear in a renal transplant patient",set(),1
Novel blood test for chronic fatigue syndrome has 91% accuracy,set(),1
Aldosterone synthase inhibitor shows promise as BP-lowering agent in phase 2 trial,set(),1
"COCA Call: Tues., Sept. 19 - Preparing for the upcoming respiratory virus season",set(),1
"What your patients are reading: Week of September 11, 2023",set(),1
Should ACS patients start with combination lipid therapy?,set(),1
Is investigational gefapixant effective for chronic cough?,set(),1
"What's this pill? | September 14, 2023",set(),1
"Are 10,000 steps per day really necessary to realize health benefits?",set(),1
epocrates Featured Calculator: Edinburgh Postnatal Depression Scale (EPDS),set(),1
FDA warns companies about marketing unapproved eye products,set(),1
Young boy suffering chronic pain for 3 years finally receives correct diagnosis from ChatGPT,set(),1
New brand drug - Brixadi (buprenorphine),set(),1
,set(),0
Which states vaccinate the most?,set(),1
FDA approves drug for stem cell mobilization for ASCT in multiple myeloma,set(),1
Statin use linked to lower colorectal cancer risk in patients with IBD,set(),1
,set(),0
Are expired OTC COVID-19 tests still safe and effective?,set(),1
NIH investigates multidrug-resistant bacterium emerging in community settings,set(),1
Increased risk of thyroid eye disease following COVID-19 vaccination,set(),1
Withdrawn indication - Gavreto (pralsetinib),set(),1
Zebra of the Week: Dravet syndrome,set(),1
What's the effect of hormone therapy on sexual function in postmenopausal women?,set(),1
,set(),0
,set(),0
Topical treatments for atopic dermatitis: How do they stack up?,set(),1
2023 flu vaccine cut hospitalizations by half in Southern Hemisphere,set(),1
Does NSAID use increase VTE risk among women using hormonal contraception?,set(),1
Providing vs. recommending prenatal supplements with iron to pregnant people,set(),1
Drug Shortage Update: FDA unclear when Wegovy supply limits will resolve,set(),1
Regenerative medicine: Scientists grow human kidneys in pigs,set(),1
Update: Outbreak of locally acquired malaria in Florida and Texas,set(),1
Statin cuts CV risk in patients with HIV infection,set(),1
New brand drug - Veopoz (pozelimab-bbfg),set(),1
Test your knowledge: Vibrio vulnificus wound infection risk,set(),1
FDA drops REMS requirement for alosetron (Lotronex),set(),1
CDC: Pneumococcal vaccine recommendations for adults,set(),1
,set(),0
Does meningococcal B vaccination protect against gonococcal infection?,set(),1
Could some patients with fibromyalgia potentially have hypophosphatasia?,set(),1
The shrinking number of primary care physicians is reaching a tipping point,set(),1
New formulation - Vigadrone (vigabatrin),set(),1
WHO: One in three men worldwide infected with genital HPV,set(),1
Eye-tracking tool may aid in early diagnosis of autism,set(),1
New brand drug - Elrexfio (elranatamab-bcmm),set(),1
Aspirin may cut mortality risk in sepsis-associated acute kidney injury,set(),1
How does heat exposure during pregnancy effect maternal well-being?,set(),1
Long-term data suggest continued HPV vaccine efficacy after 10 years,set(),1
"In-hospital adverse event rates similar for haloperidol, atypical antipsychotics",set(),1
Calcium channel blockers and glaucoma risk: What's the association?,set(),1
Is phenylephrine an effective nasal decongestant? FDA thinks not,set(),1
New brand drug - Talvey (talquetamab-tgvs),set(),1
"Your COVID-19 update for September 8, 2023",set(),1
Air pollution linked to dementia cases,set(),1
"Pfizer, Valneva report positive trial results for Lyme disease vaccine candidate",set(),1
Picture Quiz: An intermammary patch,set(),1
WEFUN capsules voluntarily recalled due to undeclared sildenafil,set(),1
Cephalexin for uncomplicated UTI in women: Is qid dosing necessary?,set(),1
Study finds no link between vaccines and MS flare-ups,set(),1
"What your patients are reading: Week of September 4, 2023",set(),1
Who is more likely to use telehealth services for abortion care?,set(),1
New brand drug - Ycanth (cantharidin topical),set(),1
FDA OKs updated 23andMe test to include additional BRCA variants,set(),1
epocrates Featured Calculator: Modified Wells score for DVT,set(),1
"Study suggests marijuana exposes users to lead, cadmium",set(),1
Is pharmacotherapy cost effective for treating obesity in adolescents?,set(),1
New brand drug - Sohonos (palovarotene),set(),1
"What's this pill? | September 7, 2023",set(),1
,set(),0
Podcast Recap | Intention to Treat: Prospects for Pain,set(),1
Clotting proteins measured during acute COVID-19 may predict later brain fog,set(),1
Does lorazepam impact survival rates among cancer patients?,set(),1
CDC issues health warning after 5 killed by 'flesh-eating' bacteria across East Coast,set(),1
Canakinumab approved for treatment of gout flares,set(),1
CDC issues health warning about increasing RSV activity,set(),1
Single-dose psilocybin—more evidence of benefit in major depressive disorder,set(),1
,set(),0
Universal Meditech recalls all products manufactured between March 2021 and November 2022,set(),1
New brand drug - Breyna (budesonide/formoterol inhaled),set(),1
,set(),0
CDC says highly mutated BA.2.86 detected in at least 4 states,set(),1
,set(),0
Does infertility treatment increase risk of stroke?,set(),1
Is statin use associated with recurrent stroke after intracerebral hemorrhage?,set(),1
New brand drug - Izervay (avacincaptad pegol intravitreal),set(),1
More counterfeit pills implicated in U.S. overdose deaths,set(),1
,set(),0
How do you safely add buspirone to SSRI therapy in patients with CV comorbidities?,set(),1
"Sexual activity key to mpox spread, even among those not reporting male-to-male contact",set(),1
New brand drug - Roctavian (valoctocogene roxaparvovec-rvox) (valoctocogene roxaparvovec),set(),1
Test your knowledge: West Nile virus disease,set(),1
Are adults and children with atopic dermatitis at risk of developing IBD?,set(),1
Drugmaker announces ‘unprecedented’ results for ALK inhibitor in early-stage lung cancer trial,set(),1
"Innovative treatment for anorexia nervosa may positively impact body image, anxiety",set(),1
Artificial intelligence may influence how you prescribe pain medications,set(),1
FDA greenlights Rx-only CBT digital therapeutic for patients with T2DM,set(),1
epocrates Featured Calculator: HAS-BLED Bleeding Risk Score,set(),1
"European regulators reviewing semaglutide, liraglutide following reports of suicidal thoughts",set(),1
"What's this pill? | July 13, 2023",set(),1
FDA approves world’s first dual-chamber leadless pacing system,set(),1
"New brand drug - Arexvy (respiratory syncytial virus vaccine, adjuvanted (RSVPreF3))",set(),1
FDA updates its ADHD treatment guidance as school year begins,set(),1
Are women better surgeons than men?,set(),1
Device-detected atrial high-rate episodes without afib: Do they warrant anticoagulation?,set(),1
,set(),0
Treating mother’s postnatal depression also benefits children,set(),1
Several Hamilton Medical ventilators recalled for potential software malfunction,set(),1
"Your COVID-19 update for September 1, 2023",set(),1
Certain SSRIs linked to pro-arrhythmic effects in older patients,set(),1
,set(),0
Picture Quiz: A screaming Texas toddler,set(),1
Evidence builds for SGLT2 inhibitors' anti-gout effects,set(),1
FDA issues warning letters to 3 infant formula manufacturers,set(),1
Is there a link between osteoporosis and Parkinson disease?,set(),1
"What your patients are reading: Week of August 28, 2023",set(),1
Trial evaluates semaglutide in patients with HFpEF and obesity,set(),1
"What's this pill? | August 31, 2023",set(),1
"Fruit and vegetable prescriptions linked to improved food security, cardiometabolic health",set(),1
epocrates Featured Calculator: Sodium Correction in Hyperglycemia,set(),1
Luspatercept-aamt (Reblozyl) indications expanded for myelodysplastic anemia,set(),1
Several factors linked to declining testosterone levels in older men,set(),1
Brand discontinued in U.S. - HyperHEP B S/D (hepatitis B immune globulin (human)),set(),1
Does colchicine protect against afib in patients undergoing thoracic surgery?,set(),1
Parasitic roundworm found in woman's brain,set(),1
,set(),0
Podcast Recap | Huberman Lab: Balancing caffeine intake,set(),1
"COCA Call: Thurs., Aug. 31 - 2023-2024 recommendations for influenza prevention and treatment in children",set(),1
Do common cancer screenings extend lifespan?,set(),1
First generic versions of Vyvanse gain FDA approval,set(),1
CTE diagnosed in more than 40% of athletes who died before age 30,set(),1
"Should frail, older afib patients switch from VKA therapy to a DOAC?",set(),1
What are the naloxone requirements when treating overdose with novel potent opioids?,set(),1
Aseptic meningitis? Encephalitis? Don't rule out arboviruses,set(),1
Zebra of the Week: Alkaptonuria,set(),1
Does increased screen time for infants affect cognitive outcomes into childhood?,set(),1
,set(),0
New/Expanded indications - Ezallor Sprinkle (rosuvastatin),set(),1
Poor drinking water quality may up likelihood of lung infection in cystic fibrosis,set(),1
CMS announces first 10 drugs up for Medicare price negotiations,set(),1
CDC Health Advisory: Important updates on locally acquired malaria cases identified in the U.S.,set(),1
Can chatbots make accurate cancer treatment recommendations?,set(),1
Parkinson disease gene variant found in people of African ancestry,set(),1
Wildfire smoke caused summer spike in emergency department visits,set(),1
Gender-affirming surgery in the U.S. rose between 2016-2020,set(),1
Which patients aren't good candidates for semaglutide therapy?,set(),1
FDA OKs first biosimilar for treatment of MS,set(),1
Does adenotonsillectomy improve dysphagia outcomes in children with sleep apnea?,set(),1
CDC issues guidance on use of nirsevimab for RSV prevention in infants and children,set(),1
Semaglutide may help curb obesity and CVD prevalence in the U.S.,set(),1
CDC launches program to improve sepsis survival rates,set(),1
"Inmar recalls food, drugs, medical devices stored at Texas facility",set(),1
First-time generic drug - darunavir,set(),1
Eye scans detect Parkinson’s disease years before onset,set(),1
Remdesivir now approved for use in patients with hepatic impairment,set(),1
Which antihistamines can interfere with narcolepsy treatment?,set(),1
Hidden ingredients found in 6 'energy boosters',set(),1
Study finds unexpected results about residents and PTSD during COVID,set(),1
Roughly 1 in 5 report mistreatment in perinatal care,set(),1
Early-onset cancer incidence increased in the U.S. between 2010-2019,set(),1
"Frozen corn, mixed vegetables recalled due to possible Listeria monocytogenes contamination",set(),1
"Your COVID-19 update for August 25, 2023",set(),1
Dexamethasone for migraine treatment in the ED: Is a higher dose more beneficial?,set(),1
Picture Quiz: A pigeon keeper with a persistent skin ulcer,set(),1
Dementia diagnosis: An important time to deprescribe medications,set(),1
USPSTF: At-risk patients should take PrEP to prevent HIV infection,set(),1
New indication - Daxxify (daxibotulinumtoxinA-lanm),set(),1
"What your patients are reading: Week of August 21, 2023",set(),1
Healthy lifestyle changes during pregnancy linked to improved outcomes for mothers and children,set(),1
FDA: Don't use certain MSM-containing eye drops,set(),1
Three dead after Listeria found in milkshakes sold at Tacoma restaurant,set(),1
epocrates decision tools - Acute Diverticulitis Dx/Tx,set(),1
New brand drug - Xdemvy (lotilaner ophthalmic),set(),1
Interhospital transfer of acute stroke patients: How are we doing on timeliness?,set(),1
CDC releases influenza vaccination guidance for 2023-24 season,set(),1
"What's this pill? | August 24, 2023",set(),1
,set(),0
,set(),0
Valbenazine (Ingrezza) indications expanded to include Huntington disease chorea,set(),1
Severe COVID-19 may lead to long-lasting changes in patients' immune systems,set(),1
Certain Nuez de la India products appear to contain highly toxic yellow oleander,set(),1
Physical assault during childhood linked to increased risk of mental illness,set(),1
Pain in the year following MI: What's the impact on mortality?,set(),1
,set(),0
RSV vaccine OK'd for use in pregnancy,set(),1
Certain COPD inhaled meds linked to fracture risk,set(),1
Zebra of the Week: Hypermobile Ehlers-Danlos syndrome,set(),1
Does social media counseling delivered by PCPs benefit young individuals?,set(),1
FDA OKs first treatment for CD55-deficient protein-losing enteropathy (CHAPLE disease),set(),1
Can certain breast cancer patients safely omit radiotherapy?,set(),1
How epidemiological and clinical characteristics of mpox differ in patients over age 50,set(),1
Does liraglutide improve brain function in adults with obesity?,set(),1
Tiny turtles behind multistate Salmonella outbreak,set(),1
IV esketamine for augmenting the effects of oral antidepressants: A randomized pilot study,set(),1
"Marijuana and hallucinogen use, binge drinking hit historic highs for middle-aged adults",set(),1
Brand discontinued in U.S - Adhansia XR (methylphenidate),set(),1
Test your knowledge about berberine—dubbed 'nature's Ozempic' on social media,set(),1
New research identifies clotting risk factors for patients with cancer and COVID-19,set(),1
Anti-inflammatory drug boosts efficacy of morning-after pill,set(),1
Is shift work associated with increased rates of depression and anxiety?,set(),1
NIH establishes centers of excellence to expand maternal health research capabilities,set(),1
"Class I Recall: Cardiosave Hybrid and Rescue Intra-aortic Balloon Pumps, due to circuit board failures",set(),1
"CDC tracking new COVID lineage, BA.2.86",set(),1
Why is #BarbieBotox trending on TikTok?,set(),1
Rx-to-OTC switch - Narcan Nasal Spray (naloxone nasal),set(),1
Does ginkgo diterpene lactone meglumine improve outcomes after ischemic stroke?,set(),1
FDA safety update: Don't use certain UV wands due to unsafe radiation levels,set(),1
Study examines effects of low-dose glucocorticoids in RA patients,set(),1
Protecting infants from critical RSV illness: Lessons learned from the 2022 season,set(),1
"Expanded indication - Ervebo (ebola Zaire vaccine, live)",set(),1
"Hospitalizations up for 4th straight week: Your COVID-19 update for August 18, 2023",set(),1
"New brand drug - Cyfendus (anthrax vaccine, adjuvanted)",set(),1
Anti-CD20 monotherapy for MS may heighten risk for severe neuroinvasive West Nile virus,set(),1
Picture Quiz: A pregnant woman with a reticular rash,set(),1
FDA OKs liver-directed treatment for metastatic uveal melanoma,set(),1
Blood-based test detects more than 20 cancer types,set(),1
First treatment for fibrodysplasia ossificans progressiva wins FDA approval,set(),1
"What your patients are reading | Week of August 14, 2023",set(),1
"Exposure to pigs linked to flu viruses in humans, CDC report shows",set(),1
FDA grants accelerated approval to Elrexfio for relapsed or refractory multiple myeloma,set(),1
Do PPIs increase infection risk in children?,set(),1
New epocrates decision tool - Insulin Product Switching,set(),1
"FDA Class I recall: Philips Respironics recalls Trilogy Evo, Evo O2, EV300, and Evo Universal Ventilators",set(),1
Do SGLT2-Is reduce risk of afib recurrence after ablation in patients with T2DM?,set(),1
Will the latest FDA proposal on salt intake do more harm than good?,set(),1
"What's this pill? | August 17, 2023",set(),1
,set(),0
,set(),0
,set(),0
Brand discontinued in U.S - Twynsta (telmisartan/amlodipine),set(),1
FDA warns against using tests manufactured by Universal Meditech,set(),1
Does air pollution increase dementia risk?,set(),1
KFF Poll: 3 out of 10 people say they or someone in their family has been addicted to opioids,set(),1
Can a headset that measures 'headpulse' better gauge concussion recovery?,set(),1
FDA expands Daxxify label to include cervical dystonia treatment,set(),1
,set(),0
,set(),0
Brand discontinued in U.S - Clarinex-D 24 Hour (desloratadine/pseudoephedrine),set(),1
Penicillin shortage continues in U.S. as syphilis rates soar,set(),1
Pedestrian fatalities in the U.S. higher among men,set(),1
FDA grants full approval to pralsetinib for RET fusion–positive NSCLC,set(),1
Generic vs. brand-name fluticasone-salmeterol for COPD treatment: How do they compare?,set(),1
Playing American football and Parkinson disease: What's the association?,set(),1
FDA approves niraparib and abiraterone acetate plus prednisone for prostate cancer,set(),1
When can a drug interaction cause sinus arrest?,set(),1
How does age impact suicide risk?,set(),1
Social factors a driver in higher CVD mortality among Black patients,set(),1
New formulation - pirfenidone,set(),1
Salmonella outbreak linked to ready-to-eat tofu,set(),1
Izervay wins FDA approval for geographic atrophy,set(),1
New brand drug - Suflave (polyethylene glycol/sodium sulfate/potassium chloride/magnesium sulfate/sodium chloride),set(),1
Do blood tests that screen for cancer do more harm than good?,set(),1
Can electrical brain stimulation help your depressed patients?,set(),1
"Kim Kardashian and other celebrity influencers spark controversy over $2,500 out-of-pocket body scan",set(),1
What percentage of cancer survivors engage in risky drinking behaviors?,set(),1
Can finerenone lower cardiovascular risk in diabetic kidney disease?,set(),1
,set(),0
More than half of hospitalized babesiosis patients may have neurologic symptoms,set(),1
"COCA Call: Thurs., Aug. 17 - We must maintain measles elimination in the U.S.",set(),1
"Can exercise reduce depression, burnout, and absenteeism in health care personnel?",set(),1
epocrates Featured Calculator: Enhanced STOP-Bang screen for OSA in adults,set(),1
Long-term use of PPIs linked to higher risk of dementia,set(),1
,set(),0
Picture Quiz: A man with a mamillated rash and fever,set(),1
Exercise paired with cognitive training may delay onset of dementia,set(),1
First-time generic drug - bepotastine ophthalmic,set(),1
White House launches new tracking tool for heat-related illness,set(),1
"What your patients are reading: Week of August 7, 2023",set(),1
,set(),0
Testicular cancer among military personnel linked to 'forever chemicals',set(),1
AI model can pinpoint origin of enigmatic cancers,set(),1
Video bests direct laryngoscopy for tracheal intubation of critically ill adults,set(),1
Impaired odor identification may signal later dementia in Black and White seniors,set(),1
New brand drug - Vanflyta (quizartinib),set(),1
"Lyme disease: Bella Hadid says she's ""finally healthy"" after ""15 years of invisible suffering""",set(),1
"Eris' on the rise: Your COVID-19 update for August 10, 2023",set(),1
"What's this pill? | August 10, 2023",set(),1
Noninvasive nerve stimulator offers alternative treatment for sleep apnea,set(),1
Podcast Recap | KFF Health News: EPIDEMIC - The goddess of smallpox,set(),1
Novel bacteria strain identified after cat bite,set(),1
Withdrawn FDA approval - oxandrolone,set(),1
Only 20% of Medicaid enrollees getting crucial treatment for hepatitis C,set(),1
Hearing aids slow cognitive decline in high-risk older adults,set(),1
"Women over 70 may be overdiagnosed for breast cancer and face unnecessary treatment, study finds",set(),1
WHO launches abortion-care app for health care workers,set(),1
Five things to know about the first oral medication for postpartum depression,set(),1
Zebra of the Week: Hansen's disease,set(),1
U.S. health systems feeling the heat,set(),1
Relying on one-size-fits-all BP cuffs can lead to inaccurate readings,set(),1
Aerobic vs. muscle-strengthening: Which kinds of exercise and intensity reduce mortality risk?,set(),1
"Unhappy family or trauma in youth can lead to poor health in older age, UCSF study finds",set(),1
Antibiotic-resistant Pseudomonas aeruginosa infections linked to ICU sink,set(),1
How a novel cardiac biomarker can stratify risk in chronic CAD,set(),1
USPSTF recommends daily folic acid supplement before pregnancy,set(),1
Semaglutide cuts risk of major CV events,set(),1
Solanezumab no better than placebo at slowing cognitive decline in preclinical Alzheimer disease,set(),1
Childhood TV viewing tied to higher risk of metabolic syndrome in middle age,set(),1
New dosing regimen - Wegovy (semaglutide),set(),1
Are your patients ready for the RSV vaccine?,set(),1
Obesity and the NICE two-year rule: How long should drug treatment last?,set(),1
What’s the natural history of tobacco exposure with preserved spirometry (TEPS)?,set(),1
Can SGLT-2 inhibitors reduce gout flares and hospitalizations?,set(),1
Study finds high burden of oral HPV in older men,set(),1
Americans want weight-loss drugs but not their potential costs or medical drawbacks,set(),1
Fleaborne typhus on the rise in LA County with 3 deaths reported in 2022,set(),1
New brand drug - Ngenla (somatrogon),set(),1
"COCA Call: Thurs., Aug 10 - Clinical vaccination guidance for pregnant people",set(),1
Are first-time users of hormonal contraceptives at increased risk of developing asthma?,set(),1
CDC recommends new immunization to protect infants from severe RSV disease,set(),1
FDA approves first oral treatment for postpartum depression,set(),1
Medical professionals sound the alarm on vaping-related child nicotine poisoning,set(),1
"AAP reaffirms gender-affirming care policy, calls for research review to guide update",set(),1
Two lots of oral contraceptive Tydemy recalled due to possible reduced effectiveness,set(),1
FDA/DEA Letter to Americans: Stimulant drug shortage,set(),1
"Early peanut feeding practices gaining traction, but more work is needed",set(),1
Picture Quiz: Skin changes with hand and foot weakness,set(),1
Scientists develop breath test that rapidly detects COVID-19 virus,set(),1
Can common bed bugs transmit MRSA?,set(),1
Zilebesiran shows early promise in treating hypertension,set(),1
"What your patients are reading: Week of July 31, 2023",set(),1
Health officials urge TB testing for persons working in poultry plants in North Alabama in wake of outbreak,set(),1
Are patients with RA at higher risk of aortic stenosis?,set(),1
epocrates decision tools - Lyme Disease Dx & Tx - 2023 Update,set(),1
Croup symptoms improve with cold air exposure,set(),1
CGRP monoclonal antibodies for migraine: Do they affect COVID-19 outcomes?,set(),1
FDA Class I recall: SIGMA Spectrum infusion pump and system,set(),1
"Your COVID-19 update for August 3, 2023",set(),1
"What's this pill? | August 3, 2023",set(),1
What’s new? Machine learning’s role in advancing deep brain stimulation,set(),1
Podcast Recap | AMA Update: The future of AI in medicine and what it means for physicians and practices,set(),1
Georgia resident dies from rare Naegleria fowleri brain infection,set(),1
New frontline treatment option greenlighted for endometrial cancer,set(),1
Is leprosy endemic in Florida?,set(),1
Amazon Clinic expands nationwide to provide messaging and video visits for common health conditions,set(),1
VA to study possible links between toxic exposures and certain cancers in service members,set(),1
White House launches Medicare Dementia Care program,set(),1
Large Danish cohort study finds statin effectiveness may rise with patient's age,set(),1
FDA Class I recall: TruSignal SpO2 sensors,set(),1
ACP: Start colorectal cancer screening at age 50,set(),1
Alpha-gal syndrome: Can you identify when symptoms begin?,set(),1
FDA expands indications of Ebola vaccine to include pediatric use,set(),1
Meta-analysis: HIV transmission risk near zero with low viral loads,set(),1
Bacterial testing could reduce antibiotic use in pediatric sinusitis,set(),1
Small trial finds psilocybin safe in females with anorexia nervosa,set(),1
Study highlights competing priorities of parenthood and career for women physicians,set(),1
FDA approves Balfaxar for warfarin reversal,set(),1
Voclosporin found to be safe and effective in long-term lupus nephritis trial,set(),1
Albuminuria testing widely underutilized in patients at risk for CKD,set(),1
FDA Class I recall: Impella left-sided blood pumps,set(),1
Zebra of the Week: Hidradentitis suppurativa,set(),1
Do epidural analgesia and oxytocin given during labor increase the risk of autism in children?,set(),1
Is cadmium exposure a risk factor for endometriosis?,set(),1
CDC: Few clinicians familiar with alpha-gal syndrome,set(),1
New brand drug - Litfulo (ritlecitinib),set(),1
"Your COVID-19 Update for July 31, 2023",set(),1
COVID-19: Study finds Paxlovid underused at U.S. nursing homes,set(),1
TB cases linked to viable bone matrix material,set(),1
Can short bursts of vigorous activity lower cancer risk?,set(),1
Liraglutide effective following poor response to metabolic surgery,set(),1
CDC: Travel-linked dengue cases in U.S. peaked in 2019,set(),1
"Vegetarian diet may significantly improve cholesterol, blood sugar, and body weight",set(),1
FDA OKs second OTC naloxone nasal spray,set(),1
"Low-dose aspirin may increase intracranial bleeding in healthy, older adults",set(),1
Study explains link between CV risk and obstructive sleep apnea,set(),1
New brand drug - Brenzavvy (bexagliflozin),set(),1
"Novel, rapid-acting drug effective for postpartum depression in phase 3 trial",set(),1
New brand drug - Elevidys (delandistrogene moxeparvovec),set(),1
Picture Quiz: Party lips,set(),1
Kratom: What are the potential risks?,set(),1
Rivaroxaban and warfarin similarly safe and effective in patients with CKD,set(),1
Multiplex PCR assay outperforms standard culture for diagnosing respiratory infection,set(),1
"What your patients are reading: Week of July 24, 2023",set(),1
Atomoxetine plus oxybutynin improves multiple variables in OSA,set(),1
FDA approves pulmonary stent to treat pediatric pulmonary artery stenosis,set(),1
epocrates Featured Calculator: MELDNa score,set(),1
How well does HPV vaccination protect against anal HPV and neoplasia?,set(),1
Withdrawn FDA approval - Gavreto (pralsetinib),set(),1
Cancer-associated thrombosis: Anticoagulants compared,set(),1
Xdemvy approved for treatment of Demodex blepharitis,set(),1
"What's this pill? | July 27, 2023",set(),1
Advancements in automated insulin pumps: Tandem Diabetes Care’s Mobi,set(),1
Podcast Recap | Hematuria with Dr. Derek Fine,set(),1
Novel thrombolytic noninferior to alteplase in acute ischemic stroke,set(),1
Patient-controlled epidural anesthesia—Start early for faster post-op pain relief,set(),1
First treatment for molluscum contagiosum wins FDA approval,set(),1
CDC releases guidance on use of RSV vaccines in older adults,set(),1
Women treated for breast cancer may age faster than cancer-free women,set(),1
What's the prevalence of arthritis among children and adolescents?,set(),1
Diagnostic error: Which diseases account for the greatest burden of harms?,set(),1
Zebra of the Week: Hereditary angioedema (HAE),set(),1
Cervical pessary no better than usual care for preterm birth prevention,set(),1
Finger prick test shows promise in detecting Alzheimer disease,set(),1
What are older adults’ medical preferences for the end of life?,set(),1
New indication - Talzenna (talazoparib),set(),1
Charcoal production and use linked to respiratory and nonrespiratory diseases,set(),1
White House opens permanent pandemic preparedness office,set(),1
"Tornado damage to Pfizer plant not likely to lead to major drug shortages, FDA says",set(),1
Daily statin reduces heart disease risk among adults living with HIV,set(),1
"More than 300,000 CUPKIN children’s cups recalled due to high lead levels",set(),1
FDA Class I Recall: Megadyne recalls MEGA 2000 and MEGA SOFT products,set(),1
CDC: Soft tick relapsing fever in the U.S. from 2012 to 2021,set(),1
Gastric bypass surgery linked to risk for substance use disorders,set(),1
Omega-3 fatty acids show promise for maintaining lung health,set(),1
FDA grants approval to adjuvanted anthrax vaccine,set(),1
To reduce antibiotic use for asymptomatic bacteriuria—Avoid unnecessary urine cultures,set(),1
Outbreak of Shiga toxin–producing E. coli linked to farming camp,set(),1
Expanded indication - Nucynta (tapentadol),set(),1
Nine out of 10 herbal sports supplements not accurately labeled,set(),1
FDA approves quizartinib for newly diagnosed acute myeloid leukemia,set(),1
Maternal vaccine elicits antibodies against invasive group B strep in infants,set(),1
MIND diet for brain health shows unexpected results in new clinical trial,set(),1
Is there a genetic basis for COVID-19 'super dodgers'?,set(),1
Tornado damage to North Carolina Pfizer plant raises concerns about more drug shortages,set(),1
Study examines incidence and prevalence of vitiligo in U.S.,set(),1
New brand drug - Adstiladrin (nadofaragene firadenovec),set(),1
Low-dose atropine fails to slow myopia progression in children,set(),1
Does vitamin D3 supplementation reduce afib risk in healthy individuals?,set(),1
Picture quiz: An ill-appearing man with recurring target lesions,set(),1
Expanded indication - Leqvio (inclisiran),set(),1
USPSTF: Evidence lacking for lipid screening in younger patients,set(),1
FDA migraine medication approvals: Trials have had inconsistent endpoints,set(),1
"What your patients are reading: Week of July 17, 2023",set(),1
Testosterone therapy linked to increased CVD risks in cisgender women,set(),1
epocrates decision tools - H. pylori Tx in Adults & Children - Update,set(),1
New brand drugs - Humira (adalimumab) biosimilars now available,set(),1
In which U.S. regions is Alzheimer's most prevalent?,set(),1
FDA Class I Recall: Stop using the Quidel Triage Cardiac Panel,set(),1
FDA greenlights new device to treat BPH,set(),1
"What's this pill? | July 20, 2023",set(),1
Advancements in feeding tube placement: NGPOD®,set(),1
Podcast Recap | Guidelines review: Management of severe traumatic brain injury,set(),1
Does a gun safety video affect children's behavior around guns?,set(),1
Dual antiplatelet therapy noninferior to alteplase in minor stroke,set(),1
New brand drug - Hadlima (adalimumab),set(),1
Vaginal estrogen may help prevent UTI in women with estrogen deficiency,set(),1
Historical redlining linked to worse CV outcomes among U.S. veterans,set(),1
"FDA: Don't use RoyalVibe Health, CellQuicken, or Well-Being Reality ultrasound medical devices",set(),1
Can you ace this airline medical emergencies quiz?,set(),1
Zebra of the Week: Synovial sarcoma,set(),1
Donanemab slows Alzheimer's progression in phase 3 trial,set(),1
Screen-and-treat for bacterial vaginosis: Does it prevent preterm births?,set(),1
Cognitively stimulating activities linked to lower dementia risk in later life,set(),1
"COCA Call: Thurs., July 20 - Review of malaria diagnosis and treatment in the U.S.",set(),1
New brand drug - Columvi (glofitamab),set(),1
"CDC: Cannabis-related ED visits increased in young adults, children during pandemic",set(),1
Remdesivir cleared for use in patients with severe renal impairment,set(),1
P2Y12 inhibitors superior to aspirin for secondary prevention in CAD,set(),1
AI helps accurately triage respiratory symptoms in primary care,set(),1
FDA approves new monoclonal antibody to prevent RSV in babies and toddlers,set(),1
New brand drug - Rystiggo (rozanolixizumab),set(),1
Do immunomodulators shorten COVID-19 pneumonia recovery time?,set(),1
Arizona EDs treat more heatstroke as temperatures hit record highs,set(),1
PPI use may shorten survival for some NSCLC patients on ICI therapy,set(),1
WHO expert agencies consider aspartame a 'possible' carcinogen,set(),1
Carpal tunnel syndrome linked to subsequent heart failure,set(),1
How football raises the risk for chronic traumatic encephalopathy,set(),1
ED visits for teenage girls spiked during pandemic,set(),1
How does maternal egg consumption after birth impact infant egg allergy risk?,set(),1
"NOxBOXi Nitric Oxide System recalled due to risk of gas leaks, therapy interruption",set(),1
Drug-Drug Interaction Quiz: Severe pancytopenia caused by drug interaction,set(),1
New oral cancer survival calculator highlights importance of coexisting conditions,set(),1
Time-restricted eating works as well as calorie counting for weight loss in patients with obesity,set(),1
Campaign aims to create world's largest library of diverse medical images,set(),1
CDC urges 'one-and-done' office visit for hep C testing,set(),1
"Hairdressing, construction among professions linked to ovarian cancer risk",set(),1
WHO: Ongoing avian influenza outbreaks in animals pose risk to humans,set(),1
"Lisa Marie Presley died from bowel obstruction, medical officials say",set(),1
Picture Quiz: A mottled belly,set(),1
Update: Paclitaxel-coated devices for PAD,set(),1
Meta-analysis weighs clinical outcomes of obesity drugs,set(),1
Kindergartener vaccination coverage lowest in last decade,set(),1
"What your patients are reading: Week of July 10, 2023",set(),1
New brand drug - Vyvgart Hytrulo (efgartigimod alfa/hyaluronidase),set(),1
USDA: Transmission of SARS-CoV-2 in free-ranging white-tailed deer in the U.S.,set(),1
New/Expanded indications - Abrilada (adalimumab),set(),1
FDA approves first OTC daily oral contraceptive,set(),1
Podcast Recap | Intention to Treat: Unleashing CRISPR on Cancer,set(),1
EPA proposes stricter limits on lead exposure in homes and child care facilities,set(),1
Study compares aortic aneurysm/dissection risk among fluoroquinolone and macrolide users,set(),1
Screening newborns for deadly immune disorder saves lives,set(),1
New brand drug - Vyjuvek (beremagene geperpavec topical),set(),1
Novel risk score may predict new-onset afib,set(),1
New brand drug - Miebo (perfluorohexyloctane ophthalmic),set(),1
Mask reuse has minimal impact on upper respiratory microbiome,set(),1
Can you identify the symptoms of primary amebic meningoencephalitis (PAM)?,set(),1
Liquid biopsy shows promise in identifying HPV-associated oropharyngeal cancer,set(),1
Zebra of the Week: Vestibular schwannoma,set(),1
More Americans living alone than ever before,set(),1
Is long-acting ART effective in patients with HIV viremia?,set(),1
New brand drug - Elfabrio (pegunigalsidase alfa),set(),1
Patients on rituximab at risk for severe disease from mosquito- and tickborne viruses,set(),1
New brand drug - Hyrimoz (adalimumab),set(),1
"Investigational three-month TB regimen is safe but ineffective, NIH study finds",set(),1
Investigational antiviral shows promise as hepatitis D treatment,set(),1
Pain relief in the ED: Acetaminophen vs. IV/IM NSAIDs or opioids,set(),1
Severe dengue rare among returning travelers,set(),1
340B Program Helps Diabetes Patient Make Ends Meet,set(),1
“Best Dental Care” for the Boyle Family,set(),1
Community resources ease health concerns for Yankton patient,set(),1
Why Should You Get The Flu Shot?,set(),1
Tips to Staying Well This Winter,set(),1
Diabetes Often Goes Undiagnosed,set(),1
"With School Started, It’s Time to Schedule Your Primary Care Visit",set(),1
Horizon telemedicine connects Burmese man with life-saving treatment,set(),1
Stress and Self-Care,set(),1
Horizon Clinic helps Myanmar family find treatment for 5-year-old son,set(),1
Creating a Heart Healthy Lifestyle,set(),1
Lexy Eggert Named Chief Development & Strategy Officer,set(),1
Common Health Questions,set(),1
Boost Mental Health In Your Life,set(),1
Health-Related Resolutions for the New Year,set(),1
Stay Healthy During the Flu Season,set(),1
5 Tips for Healthy Eating During the Holidays,set(),1
Changing kids’ lives – one book at a time,set(),1
Horizon Health Care breaks ground on new Lake Preston clinic,set(),1
Melissa Hofer Named Chief Financial Officer,set(),1
Horizon Health Care Names Wade Erickson as CEO,set(),1
Horizon Colorectal Screening Partnership for 2021,set(),1
"Horizon Health Care Announces Len Wonnenberg, PA-C, as 2020 Provider of the Year",set(),1
Horizon Health Care Announces Jessica Weber as 2020 Employee of the Year,set(),1
"Cindy Foss, RDH, Joins De Smet Dental Services",set(),1
"Kylie Beckman, RDH, Joins Prairie Winds Dental",set(),1
Horizon Health Care CEO Earns Regional Award,set(),1
"Teresa Marts, MD, and Alyssa Hicks, CNP, Join Mission Community Health Center",set(),1
Diabetes is Never Just You,set(),1
Horizon Health Care Announces Kendra Newbold as Chief Operations Officer,set(),1
"Jocelyn Bergh, PA-C, MPAS, Joins Martin Community Health Center",set(),1
"Mark Cali, MPAS, PA-C, Joins Martin Community Health Center",set(),1
"Curtis Collins, DDS, Joins Jerauld County Dental Clinic",set(),1
Horizon Health Care Announces Nurse Manager,set(),1
"Geoffrey Whitney, DMD, Joins Horizon Health Care",set(),1
"Katlyn Rostyne, CNP, Joins Woonsocket Community Health Center",set(),1
"Amanda Thoms, CNP, Joins Yankton Community Health Center and Dental Services",set(),1
"Kimberli Hastings, CNP, Joins Fort Thompson Community Health Center",set(),1
"Alexandra Bachman-Williams, PA-C, Joins Horizon Health Care",set(),1
"Cindy Foss, RDH, Joins Prairie Winds Dental",set(),1
"Horizon Health Care Announces Move to New Location in Yankton, Plans Care Options During Transition",set(),1
Northwestern Energy Gift to Horizon Health Foundation Sparks Hope During the Coronavirus Crisis,set(),1
Horizon Health Care Dental Clinics Initiate Phased Reopening,set(),1
Behavioral Health with TeleHome During Mental Health Awareness Month,set(),1
"Terry Weaver, MD, Joins Jerauld County Community Health Center",set(),1
"Horizon Health Care Continues, Expands Appointment Options During COVID-19 Pandemic",set(),1
Generous Donation from Dr. Tom and Kathy Dean Will Keep Rural Medicine Alive and Thriving,set(),1
How to Help During COVID-19 Pandemic,set(),1
New Clinic Safety Precautions & Restrictions Regarding COVID-19,set(),1
A Journey to Wellness for Say Wah,set(),1
Colorectal Screening Partnership,set(),1
A Journey to Wellness for Dave Hodges,set(),1
Our Telemedicine Services Receive Funding from SD Telecommunication Companies and USDA Grant,set(),1
Dental Health Care for Rural Communities in South Dakota,set(),1
"Haley Brunke, PA-C, Joins Mission Community Health Center",set(),1
Patient Miracles and What it Means to Have Health Care Close to Home,set(),1
De Smet Dental Services Welcomes Outreach Students,set(),1
Prairie Winds Dental Welcomes Outreach Students,set(),1
Jerauld County Dental Clinic Welcomes Outreach Students,set(),1
"Cassandra Aesoph, CNP, Joins Aberdeen Community Health Center",set(),1
"Danny Wolfgram, MD, Joins Aberdeen Community Health Center",set(),1
Horizon Health Care Recognized as Health Center Quality Leader,set(),1
Prairie Winds Dental Welcomes Outreach Students,set(),1
Jerauld County Dental Clinic Welcomes Outreach Student,set(),1
"Darcie Schmidt, CNP, FNP-BC, Joins Jerauld County Community Health Center",set(),1
"Madeline Pfeiffer, DDS, Joins Prairie Winds Dental",set(),1
Prairie Winds Dental Clinic Welcomes Outreach Students,set(),1
The Importance of Vaccines and Your Health,set(),1
"Marissa Schelske, RDH, Joins Horizon Health Care, Inc.",set(),1
"Diane Inch, PA-C, Joins Martin Community Health Center",set(),1
Lyle’s Story,set(),1
"Ryan Rowe, CNP, Joins Mission Community Health Center",set(),1
"Catherine Friesen, CNP, Joins Aberdeen Community Health Center",set(),1
"Theresa Hammerquist, CNP, Joins Martin Community Health Center",set(),1
Horizon Health Beat: Bug Bites,set(),1
Prairie Winds Dental Clinic Welcomes Outreach Student,set(),1
March is Colorectal Cancer Awareness Month,set(),1
"Barbara De Witt, CNP, Joins Yankton Community Health Center and Dental Services",set(),1
Horizon Health Care to Provide Free Dental Exams to Children in February 2018,set(),1
"Horizon Health Care Employee Giving Campaign raises over $41,000",set(),1
"Tia Chase, PA-C, Joins Jerauld County Community Health Center",set(),1
"Margaret Lee, PA-C, Joins Martin Community Health Center",set(),1
Horizon Receives Grant to Improve Rates of Cancer Screening,set(),1
"Randall Law, PA-C, Joins Aberdeen Community Health Center",set(),1
"Courtney Carmichael, PA-C, Joins Martin Community Health Center",set(),1
"Melissa Davis, CNP, Named 2017 Horizon Provider of the Year",set(),1
Prairie Winds Dental Welcomes Outreach Students,set(),1
Jerauld County Dental Clinic Welcomes Outreach Students,set(),1
"Horizon Health Care, Inc. Recognized as Health Center Quality Leader",set(),1
"Dr. Hilary Haley, DDS, Joins Horizon Health Care, Inc.",set(),1
Prairie Winds Dental Clinic Welcomes Outreach Students,set(),1
"Melissa Nehl, CNP, DNP, APRN, Joins Horizon Health Care, Inc.",set(),1
"Michael Peña, MD, Joins Horizon Health Care, Inc.",set(),1
"Jennalee Olsen, CNP, Joins Aurora County Community Health Center",set(),1
"Leah Bennett, PA-C, Joins Aberdeen Community Health Center",set(),1
"Jamie Kern Kohler, DDS, Joins Prairie Winds Dental",set(),1
"Ashley Edelburg, DMD, Joins Martin Dental Clinic",set(),1
"Bryce Wilen, DDS, Joins Faith Dental Clinic",set(),1
"Jennifer Franke, CNP, Joins Martin Community Health Center",set(),1
"Horizon Health Care, Inc. and allPOINTS Health Services Merger Final",set(),1
"Horizon Health Care, Inc. and allPOINTS Health Services Merger on track for June 1, 2017",set(),1
Horizon Health Care Employees Honored for Contributions to First Employee Giving Campaign,set(),1
"HOPE $20,000 Match Challenge Raises Nearly $13,000 for South Dakota Patients",set(),1
"Autumn Tucker, CNP, Joins Mission Community Health Center",set(),1
Howard Farmers Co-op Invests in Colorectal Cancer Prevention for Rural South Dakotans,set(),1
"Kristin VanBuskirk, CNP, Joins James Valley Community Health Center",set(),1
"Tony Berg, MD, Joins Southwest Region Clinics",set(),1
"Horizon Health Foundation Announces HOPE $20,000 Match Challenge to Support South Dakota Patients",set(),1
"Horizon Health Care, Inc. and allPOINTS Health Services to Merge",set(),1
John Mengenhausen Named Recipient of 2016 CHAMPS Presidential Award,set(),1
Howard Community Health Center to Collect Outer Wear for Children,set(),1
Richard “Dick” Bair Named Recipient of Exceptional Board Leadership Award,set(),1
"Misty Rudebusch, PA-C, and Avera Medical Team to Join Howard Community Health Center",set(),1
"Dannica Callies, DNP, NP Named Horizon Health Care Provider of the Year",set(),1
Fort Thompson Community Health Center Celebrates One Year Anniversary,set(),1
Construction in Progress for Horizon Health Care’s New Faith Dental Clinic,set(),1
"Karley Fischer, PA-C Joins De Smet Community Health Center",set(),1
"Horizon Health Care, Inc. Receives Nearly $60,000 for Quality Improvement Efforts",set(),1
"Donna Linke, CNP, MSN, Joins Horizon Health Care, Inc.",set(),1
Horizon Receives Grant to Improve Rates of Breast and Cervical Cancer Screening in Target Communities,set(),1
"Brady Weispfennig, DDS Joins De Smet Dental Clinic",set(),1
June is National Men’s Health Month,set(),1
"Horizon Health Care, Inc. to Expand Oral Health Services in Faith, SD",set(),1
"Francoise Bansenga, FNP-BC, Joins Martin Community Health Center",set(),1
Aurora County Dental Clinic to Open in August; Now Accepting Appointments,set(),1
